,date,id,area_id,is_city,city_name,population,num_reports,symptoms_ratio,symptoms_ratio_confidence,num_reports_weighted,symptoms_ratio_weighted,symptoms_ratio_confidence_weighted
650,2020-08-27,7,0016,1,BET NIR,530,0,,,2,0.819,0.0
1488,2020-08-27,13,0026,1,ROSH PINNA,2780,0,,,22,0.805,0.0
1725,2020-08-27,15,0028,1,MAZKERET BATYA,10680,0,,,3,0.786,0.0
2057,2020-08-27,17,0031,1,OFAQIM,24640,0,,,1,0.781,0.0
2294,2020-08-27,19,0033,1,BAT SHELOMO,550,0,,,6,0.782,0.0
2918,2020-08-27,25,0043,1,METULA,1560,0,,,18,0.776,0.0
3141,2020-08-27,27,0046,1,YAVNE'EL,3890,0,,,1,0.81,0.0
3308,2020-08-27,28,0047,1,KEFAR TAVOR,3220,0,,,12,0.801,0.0
3473,2020-08-27,29,0048,1,MENAHEMYA,1010,0,,,1,1.058,0.0
3871,2020-08-27,32,0053,1,ATLIT,6030,0,,,2,0.802,0.0
5038,2020-08-27,41,0066,1,MERHAVYA(QIBBUZ),1080,0,,,3,0.812,0.0
5447,2020-08-27,44,0070,1,ASHDOD,214890,1,,,49,0.812,0.5
5684,2020-08-27,46,0072,1,GAN SHEMU'EL,860,0,,,4,0.849,0.0
5943,2020-08-27,48,0076,1,KEFAR GIL'ADI,650,0,,,1,0.845,0.0
6109,2020-08-27,49,0077,1,AYYELET HASHAHAR,1570,0,,,4,0.854,0.0
6552,2020-08-27,52,0080,1,NAHALAL,920,0,,,5,0.807,0.0
7212,2020-08-27,57,0088,1,KEREM BEN SHEMEN,80,0,,,1,0.906,0.0
7510,2020-08-27,59,0090,1,HEFZI-BAH,440,0,,,2,0.839,0.0
7883,2020-08-27,62,0095,1,BET ALFA,1140,0,,,2,0.852,0.0
8050,2020-08-27,63,0096,1,YAGUR,1500,0,,,3,0.84,0.0
8288,2020-08-27,65,0098,1,KEFAR MALAL,330,0,,,1,0.833,0.0
8455,2020-08-27,66,0099,1,MIZPE RAMON,5060,0,,,5,0.757,0.0
8805,2020-08-27,69,0104,1,MIZRA,600,0,,,2,0.9,0.0
9438,2020-08-27,75,0122,1,RAMAT YISHAY,7200,0,,,19,0.805,0.0
9603,2020-08-27,76,0126,1,SARID,830,0,,,7,0.882,0.0
10008,2020-08-27,79,0130,1,MISHMAR HAEMEQ,1170,0,,,16,0.815,0.0
10459,2020-08-27,82,0134,1,YIF'AT,970,0,,,2,0.826,0.0
10626,2020-08-27,83,0135,1,RAMAT DAWID,380,0,,,3,0.814,0.0
10790,2020-08-27,84,0139,1,EN SHEMER,560,0,,,8,0.831,0.0
11120,2020-08-27,87,0142,1,SEDE YA'AQOV,1240,0,,,2,0.787,0.0
11414,2020-08-27,89,0144,1,GAN SHELOMO,470,0,,,3,0.818,0.0
11731,2020-08-27,92,0147,1,GIV'AT BRENNER,2560,0,,,23,0.819,0.0
11899,2020-08-27,93,0154,1,TEL MOND,11020,0,,,38,0.779,0.0
12313,2020-08-27,96,0157,1,EN WERED,1370,0,,,12,0.804,0.0
12480,2020-08-27,97,0158,1,NA'AN,1440,0,,,5,0.807,0.0
12810,2020-08-27,99,0160,1,HULDA,500,0,,,5,0.809,0.0
13490,2020-08-27,104,0166,1,GAN YAVNE,20700,0,,,47,0.789,0.5
13658,2020-08-27,105,0167,1,EN HAHORESH,730,0,,,2,0.866,0.0
13825,2020-08-27,106,0168,1,KEFAR YONA,19960,0,,,39,0.772,0.0
14094,2020-08-27,108,0171,1,PARDESIYYA,5480,0,,,2,0.805,0.0
14736,2020-08-27,112,0176,1,AFIQIM,1440,0,,,10,0.837,0.0
14904,2020-08-27,113,0177,1,KEFAR BILU,1240,0,,,6,0.825,0.0
15183,2020-08-27,115,0182,1,EVEN YEHUDA,12410,0,,,31,0.822,0.0
15508,2020-08-27,117,0184,1,RAMAT HAKOVESH,960,0,,,7,0.823,0.0
16404,2020-08-27,124,0192,1,KEFAR HAHORESH,560,0,,,7,0.803,0.0
16870,2020-08-27,127,0195,1,QADIMA-ZORAN,17960,3,,,28,0.777,0.0
17191,2020-08-27,129,0197,1,MA'BAROT,920,0,,,2,0.841,0.0
17636,2020-08-27,132,0200,1,BET YANNAY,420,0,,,2,0.818,0.0
17804,2020-08-27,133,0202,1,BET OVED,270,0,,,20,0.878,0.0
18046,2020-08-27,135,0205,1,HOGLA,800,0,,,1,0.801,0.0
20006,2020-08-27,148,0229,1,GANNE TIQWA,14260,0,,,15,0.832,0.0
20172,2020-08-27,149,0230,1,MA'AS,780,0,,,18,0.813,0.0
20339,2020-08-27,150,0232,1,SHEFAYIM,1140,0,,,5,0.794,0.0
21099,2020-08-27,155,0239,1,GAN HAYYIM,830,0,,,8,0.801,0.0
21267,2020-08-27,156,0240,1,YOQNE'AM ILLIT,20260,0,,,15,0.797,0.0
21435,2020-08-27,157,0241,1,YOQNE'AM(MOSHAVA),1300,0,,,8,0.823,0.0
22243,2020-08-27,162,0249,1,KEFAR SIRKIN,1290,0,,,4,0.809,0.0
22410,2020-08-27,163,0250,1,HAZOREA,860,0,,,2,0.858,0.0
22567,2020-08-27,164,0252,1,BITAN AHARON,390,0,,,1,0.841,0.0
22734,2020-08-27,165,0253,1,HULATA,530,0,,,8,0.833,0.0
23798,2020-08-27,173,0264,1,SHA'AR HAGOLAN,570,0,,,8,0.875,0.0
24432,2020-08-27,178,0270,1,EN HASHOFET,820,0,,,1,0.832,0.0
24844,2020-08-27,181,0274,1,KEFAR MENAHEM,1220,0,,,6,0.811,0.0
25011,2020-08-27,182,0276,1,ZUR MOSHE,3290,0,,,9,0.788,0.0
25472,2020-08-27,186,0282,1,SHAVE ZIYYON,970,0,,,2,0.817,0.0
25639,2020-08-27,187,0284,1,SEDE WARBURG,1480,0,,,6,0.8,0.0
26029,2020-08-27,190,0287,1,TEL YIZHAQ,960,0,,,4,1.022,0.0
26196,2020-08-27,191,0288,1,BET YEHOSHUA,1000,0,,,6,0.806,0.0
26364,2020-08-27,192,0289,1,EN HAMIFRAZ,1170,0,,,11,0.851,0.0
27071,2020-08-27,197,0295,1,KEFAR RUPPIN,430,0,,,4,0.826,0.0
28791,2020-08-27,211,0310,1,KEFAR GLIKSON,270,0,,,2,0.835,0.0
29585,2020-08-27,216,0316,1,KEFAR NETTER,1100,0,,,1,0.796,0.0
30091,2020-08-27,220,0320,1,KEFAR WARBURG,1030,0,,,6,0.798,0.0
31861,2020-08-27,234,0339,1,RAMAT ZEVI,550,0,,,3,0.8,0.0
32655,2020-08-27,240,0346,1,GELIL YAM,430,0,,,3,0.809,0.0
33202,2020-08-27,244,0352,1,GEVULOT,270,0,,,8,0.819,0.0
33951,2020-08-27,250,0358,1,YAD MORDEKHAY,670,0,,,11,0.828,0.0
34709,2020-08-27,255,0364,1,KEFAR URIYYA,850,0,,,2,0.785,0.0
34875,2020-08-27,256,0365,1,BET QESHET,480,0,,,4,0.825,0.0
35042,2020-08-27,257,0366,1,SHAMIR,910,0,,,16,0.78,0.0
35470,2020-08-27,260,0369,1,GAL'ED (EVEN YIZHAQ),420,0,,,12,0.815,0.0
35630,2020-08-27,261,0370,1,GEZER,260,0,,,1,0.779,0.0
36149,2020-08-27,266,0375,1,MAGGAL,990,0,,,6,0.8,0.0
36595,2020-08-27,269,0378,1,MISGAV AM,260,0,,,2,0.777,0.0
37235,2020-08-27,273,0383,1,EN HANAZIV,600,0,,,8,0.811,0.0
37554,2020-08-27,275,0386,1,BENE DEROR,1220,0,,,1,0.966,0.0
38191,2020-08-27,279,0390,1,REGBA,1040,0,,,2,0.836,0.0
38992,2020-08-27,285,0397,1,HAZERIM,770,0,,,5,0.834,0.0
39705,2020-08-27,290,0403,1,URIM,480,0,,,12,0.833,0.0
40434,2020-08-27,295,0409,1,YEHI'AM,400,0,,,1,0.817,0.0
40950,2020-08-27,300,0416,1,MA'YAN BARUKH,660,0,,,6,0.792,0.0
41234,2020-08-27,302,0418,1,BENE ZIYYON,1320,0,,,2,0.806,0.0
41400,2020-08-27,303,0419,1,SA'AD,760,0,,,4,0.813,0.0
41992,2020-08-27,307,0424,1,GEVIM,400,0,,,4,0.795,0.0
42157,2020-08-27,308,0425,1,MISHMERET,1020,0,,,2,0.797,0.0
42325,2020-08-27,309,0426,1,EN KARMEL,790,0,,,4,0.799,0.0
42918,2020-08-27,313,0430,1,BET LEHEM HAGELILIT,770,0,,,10,0.82,0.0
43310,2020-08-27,316,0433,1,NAHSHOLIM,580,0,,,3,0.828,0.0
44198,2020-08-27,324,0443,1,KEFAR HANASI,800,0,,,1,0.862,0.0
44365,2020-08-27,325,0444,1,REGAVIM,300,0,,,8,0.838,0.0
44852,2020-08-27,328,0447,1,NORDIYYA,2030,0,,,11,0.917,0.0
45180,2020-08-27,330,0449,1,NEHALIM,1640,0,,,10,0.779,0.0
45347,2020-08-27,331,0450,1,BE'EROT YIZHAQ,390,0,,,2,0.816,0.0
45836,2020-08-27,334,0454,1,SA'AR,700,0,,,1,0.819,0.0
46000,2020-08-27,335,0456,1,SHORESH,760,0,,,2,0.987,0.0
46590,2020-08-27,339,0463,1,GA'TON,530,0,,,2,0.813,0.0
46836,2020-08-27,341,0465,1,ZOVA,600,0,,,1,0.815,0.0
47003,2020-08-27,342,0466,1,BET DAGAN,7050,0,,,3,0.808,0.0
47170,2020-08-27,343,0469,1,QIRYAT EQRON,10500,0,,,9,0.801,0.0
47437,2020-08-27,345,0473,1,ABU SINAN,12600,0,,,1,0.764,0.0
47753,2020-08-27,348,0480,1,BEIT JANN,11410,0,,,1,0.765,0.0
47884,2020-08-27,349,0481,1,MUGHAR,20710,0,,,1,0.753,0.0
48844,2020-08-27,358,0494,1,DALIYAT AL KARMEL,16040,0,,,1,0.775,0.0
53853,2020-08-27,404,0559,1,BUSTAN HAGALIL,830,0,,,4,0.809,0.0
54020,2020-08-27,405,0562,1,BET EL'AZARI,1390,0,,,4,0.798,0.0
54472,2020-08-27,408,0565,1,AZOR,11700,0,,,7,0.808,0.0
54621,2020-08-27,410,0567,1,ZOR'A,900,0,,,2,0.847,0.0
56379,2020-08-27,422,0582,1,KEFAR HANAGID,1260,0,,,6,0.82,0.0
56997,2020-08-27,426,0587,1,SAVYON,3340,0,,,3,0.842,0.0
57164,2020-08-27,427,0588,1,BENE RE'EM,1370,0,,,8,0.777,0.0
57637,2020-08-27,430,0591,1,ASERET,980,0,,,1,0.84,0.0
58558,2020-08-27,436,0597,1,PALMAHIM,490,0,,,10,0.801,0.0
59005,2020-08-27,439,0602,1,NIRIM,360,1,,,1,0.83,0.0
59238,2020-08-27,441,0604,1,BET ARIF,1070,0,,,15,0.8,0.0
59471,2020-08-27,443,0606,1,MAZOR,1290,0,,,3,0.81,0.0
63033,2020-08-27,472,0662,1,HOSEN,910,0,,,2,0.786,0.0
63583,2020-08-27,476,0666,1,OMER,7200,0,,,9,0.841,0.0
63749,2020-08-27,477,0667,1,BAR'AM,570,0,,,6,0.856,0.0
63915,2020-08-27,478,0668,1,MEFALLESIM,920,0,,,1,0.809,0.0
64241,2020-08-27,480,0672,1,BET NEQOFA,580,0,,,3,0.8,0.0
64566,2020-08-27,482,0674,1,LIMAN,650,0,,,6,0.797,0.0
64940,2020-08-27,485,0677,1,HASOLELIM,820,0,,,2,0.797,0.0
65500,2020-08-27,489,0681,1,GIV'AT SHEMU'EL,23700,0,,,14,0.845,0.0
66234,2020-08-27,494,0686,1,NEWE YAMIN,1120,0,,,20,0.777,0.0
66633,2020-08-27,497,0689,1,MEGADIM,1190,0,,,18,0.805,0.0
67263,2020-08-27,501,0694,1,MA'AGAN MIKHA'EL,1730,0,,,2,0.804,0.0
69948,2020-08-27,520,0714,1,EREZ,480,0,,,12,0.797,0.0
71778,2020-08-27,533,0730,1,ELIFELET,560,0,,,12,0.794,0.0
72104,2020-08-27,535,0732,1,MISHMAR HAYARDEN,590,0,,,4,0.786,0.0
72436,2020-08-27,537,0735,1,RAMOT ME'IR,760,0,,,4,0.811,0.0
73542,2020-08-27,545,0743,1,KEFAR SHEMU'EL,830,0,,,8,0.773,0.0
76123,2020-08-27,565,0764,1,KEFAR MORDEKHAY,600,0,,,3,0.823,0.0
76291,2020-08-27,566,0765,1,MISGAV DOV,700,0,,,10,0.793,0.0
76609,2020-08-27,569,0768,1,KARMIYYA,590,0,,,5,0.772,0.0
76936,2020-08-27,571,0771,1,MEVO BETAR,520,0,,,1,0.794,0.0
78237,2020-08-27,580,0780,1,ORA,1230,0,,,1,0.787,0.0
78404,2020-08-27,581,0783,1,EVEN SAPPIR,680,0,,,3,0.804,0.0
80426,2020-08-27,596,0799,1,ZEKHARYA,940,0,,,6,0.8,0.0
81392,2020-08-27,603,0806,1,EN YAHAV,670,0,,,5,0.817,0.0
81720,2020-08-27,605,0808,1,NIR ELIYYAHU,360,0,,,5,0.822,0.0
82932,2020-08-27,616,0819,1,AVIGEDOR,740,0,,,10,0.799,0.0
83629,2020-08-27,621,0824,1,KOKHAV MIKHA'EL,920,0,,,12,0.783,0.0
83797,2020-08-27,622,0825,1,NES HARIM,970,0,,,3,0.774,0.0
84071,2020-08-27,624,0827,1,NEWE MIVTAH,620,0,,,4,0.802,0.0
85929,2020-08-27,638,0845,1,KEFAR AZZA,660,0,,,2,0.789,0.0
86469,2020-08-27,642,0850,1,AHITUV,1010,0,,,1,0.803,0.0
86900,2020-08-27,645,0853,1,GE'ALYA,1010,0,,,2,0.818,0.0
87333,2020-08-27,648,0857,1,KEFAR AVIV,750,0,,,2,0.822,0.0
88720,2020-08-27,658,0870,1,GIV'AT HASHELOSHA,740,0,,,3,0.826,0.0
89209,2020-08-27,662,0874,1,MIGDAL HAEMEQ,24450,0,,,8,0.795,0.0
90552,2020-08-27,676,0917,1,SEGEV,1030,0,,,22,0.859,0.0
90718,2020-08-27,677,0919,1,GIV'AT YESHA'YAHU,710,0,,,9,0.78,0.0
90892,2020-08-27,679,0922,1,REKHASIM,9690,0,,,2,0.74,0.0
91711,2020-08-27,695,1015,1,MEVASSERET ZIYYON,24470,0,,,47,0.789,0.5
91879,2020-08-27,696,1020,1,OR AQIVA,16200,0,,,1,0.814,0.0
92205,2020-08-27,698,1031,1,SEDEROT,21580,0,,,3,0.784,0.0
92372,2020-08-27,699,1034,1,QIRYAT MAL'AKHI,21210,0,,,1,0.781,0.0
92533,2020-08-27,700,1043,1,GIZO,190,0,,,6,0.763,0.0
93957,2020-08-27,715,1061,1,NAZERAT ILLIT,40830,0,,,17,1.09,0.0
94124,2020-08-27,716,1063,1,MA'ALOT-TARSHIHA,21070,0,,,2,0.812,0.0
97711,2020-08-27,746,1113,1,ZUR HADASSA,6630,0,,,15,0.756,0.0
97877,2020-08-27,747,1114,1,SRIGIM (LI-ON),1010,0,,,14,0.76,0.0
99604,2020-08-27,763,1138,1,YA'AD,630,0,,,2,0.799,0.0
99772,2020-08-27,764,1139,1,KARMI'EL,44870,1,,,56,0.87,0.5
99939,2020-08-27,765,1140,1,MIDRESHET BEN GURION,1520,0,,,9,0.77,0.0
101769,2020-08-27,783,1160,1,SHEKHANYA,740,0,,,6,0.781,0.0
101922,2020-08-27,784,1161,1,RAHAT,56950,0,,,1,0.712,0.0
105850,2020-08-27,816,1200,1,MODI'IN-MAKKABBIM-RE'UT,82910,0,,,111,0.773,0.5
106018,2020-08-27,817,1201,1,KAMMON,1260,0,,,12,0.769,0.0
107212,2020-08-27,826,1210,1,KAHAL,300,0,,,1,0.795,0.0
107660,2020-08-27,829,1213,1,ZIV'ON,110,0,,,1,0.731,0.0
108560,2020-08-27,836,1224,1,KOKHAV YA'IR,9250,2,,,29,0.783,0.0
109133,2020-08-27,840,1228,1,RAQQEFET,900,0,,,1,0.777,0.0
109522,2020-08-27,845,1233,1,SHEQEF,580,0,,,2,0.76,0.0
109689,2020-08-27,846,1235,1,SHORASHIM,400,0,,,4,0.781,0.0
109856,2020-08-27,847,1236,1,NIRIT,1210,0,,,1,0.804,0.0
109942,2020-08-27,848,1237,1,TALME YOSEF,280,0,,,1,0.804,0.0
110764,2020-08-27,854,1244,1,TIMRAT,1320,0,,,7,0.828,0.0
111029,2020-08-27,857,1247,1,QAZIR-HARISH,880,0,,,1,0.731,0.0
112833,2020-08-27,872,1263,1,KEFAR WERADIM,5670,1,,,15,0.81,0.0
113001,2020-08-27,873,1264,1,KARME YOSEF,1690,0,,,20,0.813,0.0
113317,2020-08-27,877,1268,1,METAR,6860,1,,,12,0.787,0.0
113485,2020-08-27,878,1271,1,LEHAVIM,6160,0,,,26,0.774,0.0
114577,2020-08-27,888,1284,1,NOFIT,2710,0,,,6,0.798,0.0
115155,2020-08-27,892,1288,1,GIV'AT ELA,1680,0,,,3,0.811,0.0
116460,2020-08-27,902,1304,1,SHOHAM,19420,0,,,64,0.74,0.5
116627,2020-08-27,903,1309,1,EL'AD,41360,0,,,3,0.757,0.0
116794,2020-08-27,904,1310,1,LAPPID,2550,0,,,10,0.764,0.0
117341,2020-08-27,908,1315,1,MATTAN,3550,0,,,2,0.78,0.0
117587,2020-08-27,912,1319,1,BAT HEFER,5530,0,,,3,0.769,0.0
118777,2020-08-27,928,1337,1,SHIMSHIT,2640,1,,,13,0.754,0.0
119280,2020-08-27,935,1345,1,ZUR YIZHAQ,1990,0,,,6,0.767,0.0
120874,2020-08-27,961,2010,1,KEFAR BIN NUN,600,0,,,2,0.805,0.0
121311,2020-08-27,964,2013,1,BEN SHEMEN (MOSHAV),790,0,,,4,0.807,0.0
125138,2020-08-27,1001,2100,1,TIRAT KARMEL,18620,0,,,5,0.824,0.0
125305,2020-08-27,1002,2200,1,DIMONA,33060,0,,,3,0.809,0.0
125473,2020-08-27,1003,2300,1,QIRYAT TIV'ON,17310,1,,,63,0.794,0.5
125640,2020-08-27,1004,2400,1,OR YEHUDA,35270,0,,,9,0.877,0.0
125807,2020-08-27,1005,2500,1,NESHER,23240,0,,,30,0.778,0.0
125975,2020-08-27,1006,2530,1,BE'ER YA'AQOV,16320,0,,,11,0.752,0.0
126143,2020-08-27,1007,2550,1,GEDERA,24710,0,,,22,0.799,0.0
126310,2020-08-27,1008,2560,1,ARAD,23940,0,,,16,0.815,0.0
126478,2020-08-27,1009,2600,1,ELAT,47720,0,,,42,0.859,0.5
126646,2020-08-27,1010,2610,1,BET SHEMESH,89790,0,,,29,0.726,0.0
126814,2020-08-27,1011,2620,1,QIRYAT ONO,34230,0,,,66,0.82,0.5
126981,2020-08-27,1012,2630,1,QIRYAT GAT,48270,0,,,34,0.787,0.0
127149,2020-08-27,1013,2640,1,ROSH HAAYIN,40610,0,,,33,0.799,0.0
127317,2020-08-27,1014,2650,1,RAMAT HASHARON,43090,1,,,136,0.857,0.5
127485,2020-08-27,1015,2660,1,YAVNE,34170,0,,,95,0.758,0.5
127650,2020-08-27,1016,2710,1,UMM AL-FAHM,49510,0,,,2,0.959,0.0
128145,2020-08-27,1019,2800,1,QIRYAT SHEMONA,23130,0,,,3,0.804,0.0
128313,2020-08-27,1020,3000,1,JERUSALEM,815310,3,,,502,0.73,1.0
129091,2020-08-27,1027,3561,1,MIGDAL OZ,510,0,,,1,0.684,0.0
131977,2020-08-27,1049,3604,1,ALLON SHEVUT,3070,0,,,9,0.736,0.0
132179,2020-08-27,1053,3608,1,MA'ALE EFRAYIM,1120,0,,,5,0.757,0.0
132555,2020-08-27,1056,3611,1,QIRYAT ARBA,7600,0,,,2,0.779,0.0
132663,2020-08-27,1058,3613,1,GITTIT,300,0,,,1,0.75,0.0
133037,2020-08-27,1061,3616,1,MA'ALE ADUMMIM,36860,0,,,2,0.785,0.0
134025,2020-08-27,1069,3640,1,QARNE SHOMERON,6570,0,,,3,0.774,0.0
135275,2020-08-27,1078,3650,1,EFRATA,7820,0,,,13,0.755,0.0
135601,2020-08-27,1080,3652,1,BET ARYE,4170,0,,,8,0.773,0.0
137167,2020-08-27,1092,3713,1,NA'AMA,100,0,,,5,0.753,0.0
137334,2020-08-27,1093,3715,1,ALMON,1130,0,,,3,0.754,0.0
138529,2020-08-27,1103,3730,1,GIV'AT ZE'EV,13470,0,,,10,0.778,0.0
139352,2020-08-27,1110,3750,1,ALFE MENASHE,7580,0,,,10,0.794,0.0
140051,2020-08-27,1116,3760,1,ORANIT,7200,0,,,4,0.79,0.0
140984,2020-08-27,1124,3769,1,HAR ADAR,3700,0,,,4,0.796,0.0
141605,2020-08-27,1128,3780,1,BETAR ILLIT,42470,0,,,1,0.707,0.0
143170,2020-08-27,1142,3797,1,MODI'IN ILLIT,55490,0,,,2,0.697,0.0
143338,2020-08-27,1143,4000,1,HAIFA,272180,5,,,500,0.83,1.0
144884,2020-08-27,1155,4012,1,ANI'AM,530,0,,,2,0.766,0.0
145400,2020-08-27,1159,4017,1,ALLONE HABASHAN,350,0,,,6,0.715,0.0
146449,2020-08-27,1167,4100,1,QAZRIN,6720,1,,,1,0.823,0.0
147916,2020-08-27,1180,4702,1,RAMOT,480,0,,,12,0.82,0.0
148084,2020-08-27,1181,5000,1,TEL AVIV - YAFO,414560,0,,,828,0.78,1.0
148375,2020-08-27,1183,6100,1,BENE BERAQ,168770,0,,,33,0.736,0.0
148542,2020-08-27,1184,6200,1,BAT YAM,129430,0,,,20,0.837,0.0
148710,2020-08-27,1185,6300,1,GIV'ATAYIM,55700,1,,,173,0.78,0.5
148878,2020-08-27,1186,6400,1,HERZLIYYA,89230,2,,,278,0.911,1.0
149046,2020-08-27,1187,6500,1,HADERA,84070,0,,,47,0.806,0.5
149214,2020-08-27,1188,6600,1,HOLON,185310,0,,,217,0.8,1.0
149381,2020-08-27,1189,6700,1,TIBERIAS,41740,0,,,5,0.805,0.0
149549,2020-08-27,1190,6800,1,QIRYAT ATTA,52710,1,,,19,0.9,0.0
149717,2020-08-27,1191,6900,1,KEFAR SAVA,89220,0,,,237,0.83,1.0
149885,2020-08-27,1192,7000,1,LOD,71060,0,,,13,0.784,0.0
150053,2020-08-27,1193,7100,1,ASHQELON,120040,0,,,36,0.795,0.0
150221,2020-08-27,1194,7200,1,NES ZIYYONA,42980,0,,,199,0.815,0.5
150553,2020-08-27,1196,7400,1,NETANYA,192160,1,,,176,0.833,0.5
150841,2020-08-27,1198,7600,1,AKKO,47150,0,,,7,0.795,0.0
151008,2020-08-27,1199,7700,1,AFULA,41720,0,,,29,0.783,0.0
151176,2020-08-27,1200,7800,1,PARDES HANNA-KARKUR,34800,1,,,38,0.903,0.0
151344,2020-08-27,1201,7900,1,PETAH TIQWA,213900,0,,,211,0.795,1.0
151511,2020-08-27,1202,8000,1,ZEFAT,32070,0,,,7,0.781,0.0
151679,2020-08-27,1203,8200,1,QIRYAT MOTZKIN,38910,0,,,57,0.802,0.5
151847,2020-08-27,1204,8300,1,RISHON LEZIYYON,235130,0,,,276,0.817,1.0
152015,2020-08-27,1205,8400,1,REHOVOT,120930,2,,,346,0.843,1.0
152182,2020-08-27,1206,8500,1,RAMLA,68020,0,,,12,0.776,0.0
152350,2020-08-27,1207,8600,1,RAMAT GAN,148400,0,,,291,0.884,1.0
152518,2020-08-27,1208,8700,1,RA'ANNANA,69160,3,,,247,0.841,1.0
152970,2020-08-27,1211,9000,1,BE'ER SHEVA,197260,3,,,67,1.456,0.5
153138,2020-08-27,1212,9100,1,NAHARIYYA,52950,0,,,25,0.811,0.0
153470,2020-08-27,1214,9300,1,ZIKHRON YA'AQOV,20900,0,,,41,0.792,0.5
153638,2020-08-27,1215,9400,1,YEHUD,27940,0,,,38,0.804,0.0
153805,2020-08-27,1216,9500,1,QIRYAT BIALIK,38180,0,,,44,0.819,0.5
153973,2020-08-27,1217,9600,1,QIRYAT YAM,38300,0,,,27,0.865,0.0
154141,2020-08-27,1218,9700,1,HOD HASHARON,51040,0,,,149,0.815,0.5
154308,2020-08-27,1219,9800,1,BINYAMINA-GIV'AT ADA,13970,0,,,26,0.811,0.0
0,2020-08-27,6,0016-001,0,BET NIR,0,0,,,2,0.82,0.0
1,2020-08-27,12,0026-001,0,ROSH PINNA,2600,0,,,22,0.802,0.0
2,2020-08-27,14,0028-001,0,MAZKERET BATYA,8900,0,,,14,0.811,0.0
3,2020-08-27,20,0031-006,0,OFAQIM,6100,0,,,1,0.746,0.0
4,2020-08-27,23,0033-001,0,BAT SHELOMO,0,0,,,6,0.809,0.0
5,2020-08-27,29,0043-001,0,METULA,1500,0,,,18,0.795,0.0
6,2020-08-27,31,0046-001,0,YAVNE'EL,3400,0,,,1,0.816,0.0
7,2020-08-27,32,0047-001,0,KEFAR TAVOR,2500,0,,,12,0.804,0.0
8,2020-08-27,33,0048-001,0,MENAHEMYA,1000,0,,,1,1.059,0.0
9,2020-08-27,36,0053-001,0,ATLIT,5000,0,,,2,0.813,0.0
10,2020-08-27,45,0066-001,0,MERHAVYA(QIBBUZ),800,0,,,3,0.806,0.0
11,2020-08-27,48,0070-122,0,ASHDOD,2900,0,,,2,0.916,0.0
12,2020-08-27,49,0070-123,0,ASHDOD,3600,1,,,5,0.853,0.0
13,2020-08-27,53,0070-132,0,ASHDOD,2100,0,,,1,0.862,0.0
14,2020-08-27,69,0070-242,0,ASHDOD,2900,0,,,1,0.831,0.0
15,2020-08-27,71,0070-244,0,ASHDOD,2400,0,,,5,0.869,0.0
16,2020-08-27,75,0070-315,0,ASHDOD,3700,0,,,10,0.835,0.0
17,2020-08-27,76,0070-316,0,ASHDOD,5200,0,,,1,0.828,0.0
18,2020-08-27,77,0070-317,0,ASHDOD,4400,0,,,1,0.851,0.0
19,2020-08-27,83,0070-333,0,ASHDOD,5100,0,,,4,0.787,0.0
20,2020-08-27,84,0070-342,0,ASHDOD,4800,0,,,3,0.845,0.0
21,2020-08-27,90,0070-422,0,ASHDOD,7700,0,,,4,0.803,0.0
22,2020-08-27,94,0070-426,0,ASHDOD,3400,0,,,2,0.902,0.0
23,2020-08-27,95,0070-432,0,ASHDOD,4600,0,,,2,0.81,0.0
24,2020-08-27,115,0070-313,0,ASHDOD,0,0,,,7,0.802,0.0
25,2020-08-27,188,0070-415,0,ASHDOD,0,0,,,1,0.769,0.0
26,2020-08-27,99,0072-001,0,GAN SHEMU'EL,800,0,,,4,0.815,0.0
27,2020-08-27,101,0076-001,0,KEFAR GIL'ADI,700,0,,,1,0.816,0.0
28,2020-08-27,102,0077-001,0,AYYELET HASHAHAR,1400,0,,,4,0.818,0.0
29,2020-08-27,105,0080-001,0,NAHALAL,800,0,,,5,0.801,0.0
30,2020-08-27,119,0195-002,0,QADIMA-ZORAN,0,0,,,4,0.762,0.0
31,2020-08-27,235,0195-001,0,QADIMA-ZORAN,5700,0,,,3,0.779,0.0
32,2020-08-27,236,0195-003,0,QADIMA-ZORAN,2600,1,,,6,0.814,0.0
33,2020-08-27,237,0195-004,0,QADIMA-ZORAN,5600,0,,,7,0.796,0.0
34,2020-08-27,238,0195-005,0,QADIMA-ZORAN,2600,2,,,8,0.811,0.0
35,2020-08-27,124,0316-001,0,KEFAR NETTER,900,0,,,1,0.812,0.0
36,2020-08-27,129,0339-001,0,RAMAT ZEVI,0,0,,,3,0.803,0.0
37,2020-08-27,143,7800-007,0,PARDES HANNA-KARKUR,3700,0,,,2,0.845,0.0
38,2020-08-27,144,7800-008,0,PARDES HANNA-KARKUR,4500,0,,,1,0.823,0.0
39,2020-08-27,145,7800-009,0,PARDES HANNA-KARKUR,5100,1,,,7,0.809,0.0
40,2020-08-27,862,7800-002,0,PARDES HANNA-KARKUR,3600,0,,,6,0.814,0.0
41,2020-08-27,863,7800-003,0,PARDES HANNA-KARKUR,4100,0,,,2,0.815,0.0
42,2020-08-27,865,7800-005,0,PARDES HANNA-KARKUR,3100,0,,,5,0.808,0.0
43,2020-08-27,866,7800-006,0,PARDES HANNA-KARKUR,2600,0,,,13,0.98,0.0
44,2020-08-27,1317,7800-001,0,PARDES HANNA-KARKUR,0,0,,,2,0.78,0.0
45,2020-08-27,147,7900-112,0,PETAH TIQWA,4700,0,,,10,0.863,0.0
46,2020-08-27,148,7900-113,0,PETAH TIQWA,11700,0,,,2,0.789,0.0
47,2020-08-27,736,7900-114,0,PETAH TIQWA,3800,0,,,4,0.876,0.0
48,2020-08-27,737,7900-115,0,PETAH TIQWA,2000,0,,,3,0.82,0.0
49,2020-08-27,738,7900-121,0,PETAH TIQWA,4100,0,,,17,0.784,0.0
50,2020-08-27,739,7900-122,0,PETAH TIQWA,4900,0,,,5,0.811,0.0
51,2020-08-27,740,7900-123,0,PETAH TIQWA,3400,0,,,2,0.797,0.0
53,2020-08-27,800,7900-111,0,PETAH TIQWA,0,0,,,2,0.947,0.0
54,2020-08-27,804,7900-128,0,PETAH TIQWA,0,0,,,3,0.778,0.0
55,2020-08-27,867,7900-133,0,PETAH TIQWA,2400,0,,,1,0.818,0.0
56,2020-08-27,871,7900-143,0,PETAH TIQWA,3000,0,,,7,0.831,0.0
57,2020-08-27,872,7900-144,0,PETAH TIQWA,2300,0,,,8,0.815,0.0
58,2020-08-27,874,7900-146,0,PETAH TIQWA,1500,0,,,1,0.845,0.0
59,2020-08-27,875,7900-211,0,PETAH TIQWA,11000,0,,,13,0.813,0.0
60,2020-08-27,876,7900-212,0,PETAH TIQWA,2500,0,,,10,0.798,0.0
61,2020-08-27,877,7900-213,0,PETAH TIQWA,1300,0,,,8,0.794,0.0
62,2020-08-27,879,7900-222,0,PETAH TIQWA,3000,0,,,10,0.833,0.0
63,2020-08-27,881,7900-224,0,PETAH TIQWA,3300,0,,,5,0.852,0.0
65,2020-08-27,884,7900-233,0,PETAH TIQWA,2900,0,,,10,0.834,0.0
66,2020-08-27,885,7900-234,0,PETAH TIQWA,3300,0,,,4,0.876,0.0
67,2020-08-27,888,7900-311,0,PETAH TIQWA,5100,0,,,8,0.871,0.0
68,2020-08-27,889,7900-312,0,PETAH TIQWA,4800,0,,,1,0.857,0.0
69,2020-08-27,891,7900-321,0,PETAH TIQWA,4600,0,,,5,0.842,0.0
70,2020-08-27,892,7900-322,0,PETAH TIQWA,2400,0,,,4,0.841,0.0
71,2020-08-27,893,7900-323,0,PETAH TIQWA,3100,0,,,5,0.842,0.0
72,2020-08-27,894,7900-324,0,PETAH TIQWA,3500,0,,,1,0.833,0.0
73,2020-08-27,903,7900-424,0,PETAH TIQWA,4000,0,,,7,0.824,0.0
74,2020-08-27,905,7900-432,0,PETAH TIQWA,2900,0,,,2,0.851,0.0
75,2020-08-27,2688,7900-522,0,PETAH TIQWA,4400,0,,,2,0.763,0.0
76,2020-08-27,2690,7900-524,0,PETAH TIQWA,4600,0,,,6,0.8,0.0
77,2020-08-27,151,0824-001,0,KOKHAV MIKHA'EL,700,0,,,12,0.79,0.0
78,2020-08-27,152,0825-001,0,NES HARIM,700,0,,,3,0.812,0.0
79,2020-08-27,154,0827-001,0,NEWE MIVTAH,600,0,,,4,0.809,0.0
80,2020-08-27,158,0088-001,0,KEREM BEN SHEMEN,0,0,,,1,0.813,0.0
81,2020-08-27,160,0090-001,0,HEFZI-BAH,0,0,,,2,0.813,0.0
82,2020-08-27,163,0095-001,0,BET ALFA,1200,0,,,2,0.812,0.0
83,2020-08-27,164,0096-001,0,YAGUR,1400,0,,,3,0.825,0.0
84,2020-08-27,166,0098-001,0,KEFAR MALAL,0,0,,,1,0.817,0.0
85,2020-08-27,167,0099-001,0,MIZPE RAMON,4800,0,,,5,0.806,0.0
86,2020-08-27,170,0104-001,0,MIZRA,600,0,,,2,0.815,0.0
87,2020-08-27,176,0122-001,0,RAMAT YISHAY,6200,0,,,19,0.81,0.0
88,2020-08-27,177,0126-001,0,SARID,600,0,,,7,0.816,0.0
89,2020-08-27,180,0130-001,0,MISHMAR HAEMEQ,1100,0,,,12,0.805,0.0
90,2020-08-27,184,0135-001,0,RAMAT DAWID,0,0,,,3,0.806,0.0
91,2020-08-27,185,0139-001,0,EN SHEMER,500,0,,,8,0.807,0.0
92,2020-08-27,191,0142-001,0,SEDE YA'AQOV,1100,0,,,2,0.813,0.0
93,2020-08-27,193,0144-001,0,GAN SHELOMO,0,0,,,3,0.806,0.0
94,2020-08-27,196,0147-001,0,GIV'AT BRENNER,1700,0,,,23,0.808,0.0
95,2020-08-27,197,0154-001,0,TEL MOND,10000,0,,,38,0.797,0.0
96,2020-08-27,200,0157-001,0,EN WERED,1100,0,,,12,0.802,0.0
97,2020-08-27,201,0158-001,0,NA'AN,1300,0,,,5,0.795,0.0
98,2020-08-27,203,0160-001,0,HULDA,0,0,,,5,0.817,0.0
99,2020-08-27,208,0166-001,0,GAN YAVNE,4600,0,,,5,0.777,0.0
100,2020-08-27,209,0166-002,0,GAN YAVNE,7500,0,,,15,0.783,0.0
102,2020-08-27,211,0167-001,0,EN HAHORESH,700,0,,,2,0.815,0.0
103,2020-08-27,212,0168-001,0,KEFAR YONA,6200,0,,,8,0.798,0.0
104,2020-08-27,213,0168-002,0,KEFAR YONA,3600,0,,,16,0.772,0.0
105,2020-08-27,214,0168-003,0,KEFAR YONA,6600,0,,,15,0.781,0.0
106,2020-08-27,216,0171-001,0,PARDESIYYA,5500,0,,,2,0.817,0.0
107,2020-08-27,220,0176-001,0,AFIQIM,1400,0,,,10,0.806,0.0
108,2020-08-27,221,0177-001,0,KEFAR BILU,1200,0,,,6,0.809,0.0
109,2020-08-27,223,0182-001,0,EVEN YEHUDA,10000,0,,,31,0.814,0.0
110,2020-08-27,225,0184-001,0,RAMAT HAKOVESH,900,0,,,7,0.81,0.0
111,2020-08-27,232,0192-001,0,KEFAR HAHORESH,500,0,,,7,0.799,0.0
112,2020-08-27,240,0197-001,0,MA'BAROT,900,0,,,2,0.809,0.0
113,2020-08-27,243,0200-001,0,BET YANNAY,0,0,,,2,0.809,0.0
114,2020-08-27,244,0202-001,0,BET OVED,0,0,,,20,0.816,0.0
115,2020-08-27,246,0205-001,0,HOGLA,700,0,,,1,0.813,0.0
116,2020-08-27,259,0229-001,0,GANNE TIQWA,4400,0,,,14,0.821,0.0
117,2020-08-27,262,0230-001,0,MA'AS,800,0,,,18,0.786,0.0
118,2020-08-27,263,0232-001,0,SHEFAYIM,1000,0,,,9,0.8,0.0
119,2020-08-27,268,0239-001,0,GAN HAYYIM,800,0,,,8,0.796,0.0
120,2020-08-27,272,0240-005,0,YOQNE'AM ILLIT,3700,0,,,6,0.781,0.0
121,2020-08-27,273,0240-006,0,YOQNE'AM ILLIT,4800,0,,,9,0.774,0.0
122,2020-08-27,275,0241-001,0,YOQNE'AM(MOSHAVA),1200,0,,,8,0.808,0.0
123,2020-08-27,286,0249-001,0,KEFAR SIRKIN,1100,0,,,4,0.803,0.0
124,2020-08-27,287,0250-001,0,HAZOREA,900,0,,,2,0.818,0.0
125,2020-08-27,288,0252-001,0,BITAN AHARON,0,0,,,1,0.812,0.0
126,2020-08-27,289,0253-001,0,HULATA,0,0,,,8,0.82,0.0
127,2020-08-27,297,0264-001,0,SHA'AR HAGOLAN,500,0,,,8,0.804,0.0
128,2020-08-27,302,0270-001,0,EN HASHOFET,800,0,,,1,0.812,0.0
129,2020-08-27,305,0274-001,0,KEFAR MENAHEM,800,0,,,6,0.813,0.0
130,2020-08-27,306,0276-001,0,ZUR MOSHE,2700,0,,,9,0.796,0.0
131,2020-08-27,310,0282-001,0,SHAVE ZIYYON,700,0,,,2,0.807,0.0
132,2020-08-27,311,0284-001,0,SEDE WARBURG,1200,0,,,6,0.8,0.0
133,2020-08-27,314,0287-001,0,TEL YIZHAQ,700,0,,,4,0.803,0.0
134,2020-08-27,315,0288-001,0,BET YEHOSHUA,900,0,,,6,0.814,0.0
135,2020-08-27,316,0289-001,0,EN HAMIFRAZ,1100,0,,,11,0.814,0.0
136,2020-08-27,321,0295-001,0,KEFAR RUPPIN,0,0,,,4,0.815,0.0
137,2020-08-27,335,0310-001,0,KEFAR GLIKSON,0,0,,,2,0.82,0.0
138,2020-08-27,340,0320-001,0,KEFAR WARBURG,900,0,,,6,0.805,0.0
139,2020-08-27,354,0346-001,0,GELIL YAM,0,0,,,3,0.805,0.0
140,2020-08-27,358,0352-001,0,GEVULOT,0,0,,,8,0.815,0.0
141,2020-08-27,364,0358-001,0,YAD MORDEKHAY,600,0,,,11,0.801,0.0
142,2020-08-27,369,0364-001,0,KEFAR URIYYA,500,0,,,2,0.815,0.0
143,2020-08-27,370,0365-001,0,BET QESHET,0,0,,,4,0.812,0.0
144,2020-08-27,371,0366-001,0,SHAMIR,800,0,,,16,0.778,0.0
145,2020-08-27,374,0369-001,0,GAL'ED (EVEN YIZHAQ),0,0,,,12,0.818,0.0
146,2020-08-27,375,0370-001,0,GEZER,0,0,,,1,0.812,0.0
147,2020-08-27,380,0375-001,0,MAGGAL,600,0,,,6,0.799,0.0
148,2020-08-27,383,0378-001,0,MISGAV AM,0,0,,,2,0.808,0.0
149,2020-08-27,387,0383-001,0,EN HANAZIV,600,0,,,8,0.808,0.0
150,2020-08-27,389,0386-001,0,BENE DEROR,1200,0,,,1,0.811,0.0
151,2020-08-27,393,0390-001,0,REGBA,900,0,,,2,0.804,0.0
152,2020-08-27,399,0397-001,0,HAZERIM,800,0,,,5,0.829,0.0
153,2020-08-27,404,0403-001,0,URIM,0,0,,,12,0.798,0.0
154,2020-08-27,409,0409-001,0,YEHI'AM,0,0,,,1,0.817,0.0
155,2020-08-27,413,0416-001,0,MA'YAN BARUKH,500,0,,,6,0.797,0.0
156,2020-08-27,415,0418-001,0,BENE ZIYYON,1200,0,,,2,0.809,0.0
157,2020-08-27,416,0419-001,0,SA'AD,600,0,,,4,0.807,0.0
158,2020-08-27,420,0424-001,0,GEVIM,0,0,,,4,0.817,0.0
159,2020-08-27,421,0425-001,0,MISHMERET,900,0,,,2,0.813,0.0
160,2020-08-27,422,0426-001,0,EN KARMEL,600,0,,,4,0.812,0.0
161,2020-08-27,426,0430-001,0,BET LEHEM HAGELILIT,700,0,,,10,0.821,0.0
162,2020-08-27,429,0433-001,0,NAHSHOLIM,0,0,,,3,0.818,0.0
163,2020-08-27,437,0443-001,0,KEFAR HANASI,800,0,,,1,0.812,0.0
164,2020-08-27,438,0444-001,0,REGAVIM,0,0,,,8,0.825,0.0
165,2020-08-27,443,0449-001,0,NEHALIM,1300,0,,,10,0.798,0.0
166,2020-08-27,444,0450-001,0,BE'EROT YIZHAQ,0,0,,,2,0.817,0.0
167,2020-08-27,447,0454-001,0,SA'AR,0,0,,,1,0.812,0.0
168,2020-08-27,452,0463-001,0,GA'TON,0,0,,,3,0.804,0.0
169,2020-08-27,454,0465-001,0,ZOVA,600,0,,,1,0.817,0.0
170,2020-08-27,455,0466-001,0,BET DAGAN,6600,0,,,3,0.816,0.0
171,2020-08-27,457,0469-003,0,QIRYAT EQRON,3000,0,,,1,0.802,0.0
172,2020-08-27,458,0469-004,0,QIRYAT EQRON,2600,0,,,8,0.817,0.0
173,2020-08-27,460,0473-001,0,ABU SINAN,3900,0,,,1,0.816,0.0
174,2020-08-27,474,0481-005,0,MUGHAR,3000,0,,,1,0.816,0.0
175,2020-08-27,485,0494-005,0,IR KARMEL,4600,0,,,1,0.816,0.0
176,2020-08-27,568,0559-001,0,BUSTAN HAGALIL,800,0,,,4,0.824,0.0
177,2020-08-27,569,0562-001,0,BET EL'AZARI,1200,0,,,4,0.803,0.0
178,2020-08-27,574,0565-003,0,AZOR,3800,0,,,7,0.802,0.0
179,2020-08-27,576,0567-001,0,ZOR'A,900,0,,,2,0.812,0.0
180,2020-08-27,588,0582-001,0,KEFAR HANAGID,1200,0,,,6,0.819,0.0
181,2020-08-27,592,0587-001,0,SAVYON,3000,0,,,3,0.807,0.0
182,2020-08-27,593,0588-001,0,BENE RE'EM,1200,0,,,8,0.817,0.0
183,2020-08-27,602,0597-001,0,PALMAHIM,0,0,,,10,0.801,0.0
184,2020-08-27,605,0602-001,0,NIRIM,0,1,,,1,0.816,0.0
185,2020-08-27,607,0604-001,0,BET ARIF,900,0,,,15,0.803,0.0
186,2020-08-27,609,0606-001,0,MAZOR,1200,0,,,3,0.814,0.0
187,2020-08-27,643,0662-001,0,HOSEN,800,0,,,2,0.813,0.0
188,2020-08-27,647,0666-001,0,OMER,6400,0,,,9,0.811,0.0
189,2020-08-27,648,0667-001,0,BAR'AM,500,0,,,6,0.812,0.0
190,2020-08-27,649,0668-001,0,MEFALLESIM,800,0,,,1,0.816,0.0
191,2020-08-27,651,0672-001,0,BET NEQOFA,600,0,,,3,0.811,0.0
192,2020-08-27,653,0674-001,0,LIMAN,600,0,,,6,0.808,0.0
193,2020-08-27,656,0677-001,0,HASOLELIM,800,0,,,2,0.817,0.0
194,2020-08-27,660,0681-001,0,GIV'AT SHEMU'EL,2500,0,,,5,0.786,0.0
195,2020-08-27,661,0681-002,0,GIV'AT SHEMU'EL,4700,0,,,1,0.849,0.0
196,2020-08-27,662,0681-003,0,GIV'AT SHEMU'EL,3700,0,,,1,0.814,0.0
197,2020-08-27,664,0681-005,0,GIV'AT SHEMU'EL,2300,0,,,7,0.841,0.0
198,2020-08-27,669,0686-001,0,NEWE YAMIN,1000,0,,,20,0.777,0.0
199,2020-08-27,672,0689-001,0,MEGADIM,1000,0,,,18,0.805,0.0
200,2020-08-27,676,0694-001,0,MA'AGAN MIKHA'EL,1500,0,,,2,0.813,0.0
201,2020-08-27,679,5000-225,0,TEL AVIV - YAFO,3200,0,,,10,0.79,0.0
202,2020-08-27,680,5000-226,0,TEL AVIV - YAFO,4100,0,,,13,0.782,0.0
204,2020-08-27,682,5000-232,0,TEL AVIV - YAFO,2400,0,,,2,0.841,0.0
205,2020-08-27,683,5000-233,0,TEL AVIV - YAFO,3800,0,,,15,0.782,0.0
206,2020-08-27,684,5000-312,0,TEL AVIV - YAFO,2500,0,,,1,0.781,0.0
207,2020-08-27,685,5000-313,0,TEL AVIV - YAFO,2000,0,,,2,0.762,0.0
208,2020-08-27,686,5000-314,0,TEL AVIV - YAFO,4300,0,,,8,0.774,0.0
209,2020-08-27,687,5000-315,0,TEL AVIV - YAFO,4200,0,,,2,0.756,0.0
210,2020-08-27,688,5000-316,0,TEL AVIV - YAFO,1800,0,,,6,0.77,0.0
211,2020-08-27,689,5000-317,0,TEL AVIV - YAFO,2000,0,,,1,0.771,0.0
212,2020-08-27,690,5000-321,0,TEL AVIV - YAFO,1600,0,,,1,0.775,0.0
213,2020-08-27,692,5000-323,0,TEL AVIV - YAFO,3900,0,,,6,0.748,0.0
214,2020-08-27,693,5000-324,0,TEL AVIV - YAFO,2300,0,,,11,0.732,0.0
215,2020-08-27,694,5000-325,0,TEL AVIV - YAFO,3600,0,,,11,0.768,0.0
216,2020-08-27,696,5000-332,0,TEL AVIV - YAFO,1600,0,,,15,0.788,0.0
217,2020-08-27,697,5000-333,0,TEL AVIV - YAFO,1500,0,,,1,0.766,0.0
218,2020-08-27,698,5000-334,0,TEL AVIV - YAFO,2200,0,,,1,0.771,0.0
219,2020-08-27,700,5000-336,0,TEL AVIV - YAFO,2100,0,,,4,0.762,0.0
220,2020-08-27,701,5000-337,0,TEL AVIV - YAFO,1800,0,,,3,0.75,0.0
221,2020-08-27,702,5000-341,0,TEL AVIV - YAFO,2100,0,,,3,0.746,0.0
222,2020-08-27,703,5000-342,0,TEL AVIV - YAFO,1900,0,,,10,0.79,0.0
223,2020-08-27,704,5000-343,0,TEL AVIV - YAFO,1900,0,,,4,0.764,0.0
224,2020-08-27,705,5000-344,0,TEL AVIV - YAFO,2000,0,,,4,0.771,0.0
225,2020-08-27,706,5000-345,0,TEL AVIV - YAFO,2100,0,,,10,0.771,0.0
226,2020-08-27,707,5000-346,0,TEL AVIV - YAFO,2400,0,,,8,0.74,0.0
227,2020-08-27,708,5000-347,0,TEL AVIV - YAFO,2900,0,,,5,0.761,0.0
228,2020-08-27,709,5000-348,0,TEL AVIV - YAFO,1200,0,,,3,0.744,0.0
229,2020-08-27,710,5000-349,0,TEL AVIV - YAFO,1600,0,,,12,0.762,0.0
231,2020-08-27,712,5000-412,0,TEL AVIV - YAFO,4500,0,,,16,0.83,0.0
232,2020-08-27,713,5000-413,0,TEL AVIV - YAFO,3700,0,,,1,0.797,0.0
233,2020-08-27,714,5000-414,0,TEL AVIV - YAFO,2900,0,,,13,0.738,0.0
235,2020-08-27,716,5000-421,0,TEL AVIV - YAFO,2600,0,,,14,0.769,0.0
236,2020-08-27,717,5000-422,0,TEL AVIV - YAFO,3100,0,,,5,0.839,0.0
237,2020-08-27,718,5000-423,0,TEL AVIV - YAFO,2900,0,,,6,0.875,0.0
238,2020-08-27,719,5000-424,0,TEL AVIV - YAFO,2900,0,,,1,0.804,0.0
239,2020-08-27,720,5000-425,0,TEL AVIV - YAFO,1900,0,,,1,0.817,0.0
240,2020-08-27,721,5000-431,0,TEL AVIV - YAFO,2800,0,,,12,0.793,0.0
241,2020-08-27,722,5000-432,0,TEL AVIV - YAFO,3500,0,,,11,0.84,0.0
242,2020-08-27,723,5000-433,0,TEL AVIV - YAFO,2800,0,,,1,0.81,0.0
243,2020-08-27,724,5000-435,0,TEL AVIV - YAFO,800,0,,,3,0.922,0.0
244,2020-08-27,726,5000-511,0,TEL AVIV - YAFO,1200,0,,,5,0.798,0.0
245,2020-08-27,728,5000-513,0,TEL AVIV - YAFO,2200,0,,,5,0.806,0.0
246,2020-08-27,730,5000-515,0,TEL AVIV - YAFO,3400,0,,,14,0.872,0.0
247,2020-08-27,731,5000-516,0,TEL AVIV - YAFO,3900,0,,,12,0.754,0.0
248,2020-08-27,732,5000-517,0,TEL AVIV - YAFO,3100,0,,,2,0.767,0.0
249,2020-08-27,779,5000-944,0,TEL AVIV - YAFO,3600,0,,,3,0.815,0.0
250,2020-08-27,781,5000-946,0,TEL AVIV - YAFO,3200,0,,,10,0.852,0.0
251,2020-08-27,782,5000-947,0,TEL AVIV - YAFO,4400,0,,,2,0.83,0.0
252,2020-08-27,797,5000-426,0,TEL AVIV - YAFO,0,0,,,18,0.792,0.0
253,2020-08-27,799,5000-437,0,TEL AVIV - YAFO,0,0,,,5,0.821,0.0
254,2020-08-27,854,5000-541,0,TEL AVIV - YAFO,1100,0,,,6,0.747,0.0
255,2020-08-27,856,5000-543,0,TEL AVIV - YAFO,1200,0,,,14,0.78,0.0
256,2020-08-27,857,5000-544,0,TEL AVIV - YAFO,2000,0,,,7,0.75,0.0
257,2020-08-27,2137,5000-112,0,TEL AVIV - YAFO,3900,0,,,10,0.815,0.0
258,2020-08-27,2138,5000-113,0,TEL AVIV - YAFO,5100,0,,,6,0.794,0.0
259,2020-08-27,2139,5000-114,0,TEL AVIV - YAFO,5300,0,,,45,0.841,0.5
260,2020-08-27,2140,5000-115,0,TEL AVIV - YAFO,3100,0,,,15,0.97,0.0
261,2020-08-27,2141,5000-121,0,TEL AVIV - YAFO,3800,0,,,4,0.838,0.0
262,2020-08-27,2142,5000-122,0,TEL AVIV - YAFO,3600,0,,,4,0.861,0.0
265,2020-08-27,2146,5000-131,0,TEL AVIV - YAFO,2400,0,,,15,0.9,0.0
266,2020-08-27,2147,5000-132,0,TEL AVIV - YAFO,3500,0,,,3,0.81,0.0
267,2020-08-27,2148,5000-133,0,TEL AVIV - YAFO,4900,0,,,17,0.822,0.0
268,2020-08-27,2149,5000-134,0,TEL AVIV - YAFO,3500,0,,,17,0.715,0.0
270,2020-08-27,2151,5000-212,0,TEL AVIV - YAFO,5100,0,,,6,0.822,0.0
271,2020-08-27,2152,5000-213,0,TEL AVIV - YAFO,2900,0,,,7,0.822,0.0
272,2020-08-27,2153,5000-214,0,TEL AVIV - YAFO,3000,0,,,17,0.828,0.0
273,2020-08-27,2154,5000-215,0,TEL AVIV - YAFO,4200,0,,,2,0.812,0.0
274,2020-08-27,2155,5000-216,0,TEL AVIV - YAFO,2700,0,,,6,0.83,0.0
276,2020-08-27,2157,5000-223,0,TEL AVIV - YAFO,4400,0,,,14,0.799,0.0
277,2020-08-27,2158,5000-553,0,TEL AVIV - YAFO,1200,0,,,11,0.8,0.0
278,2020-08-27,2160,5000-555,0,TEL AVIV - YAFO,2000,0,,,7,0.936,0.0
279,2020-08-27,2161,5000-611,0,TEL AVIV - YAFO,2700,0,,,6,0.743,0.0
280,2020-08-27,2162,5000-612,0,TEL AVIV - YAFO,1400,0,,,11,0.778,0.0
281,2020-08-27,2163,5000-622,0,TEL AVIV - YAFO,800,0,,,1,0.813,0.0
282,2020-08-27,2165,5000-712,0,TEL AVIV - YAFO,1700,0,,,6,0.747,0.0
283,2020-08-27,2169,5000-725,0,TEL AVIV - YAFO,2000,0,,,5,0.815,0.0
284,2020-08-27,2170,5000-731,0,TEL AVIV - YAFO,1800,0,,,1,0.772,0.0
285,2020-08-27,2172,5000-733,0,TEL AVIV - YAFO,1200,0,,,1,0.866,0.0
286,2020-08-27,2179,5000-745,0,TEL AVIV - YAFO,3500,0,,,10,0.774,0.0
287,2020-08-27,2180,5000-746,0,TEL AVIV - YAFO,3700,0,,,1,0.81,0.0
288,2020-08-27,2183,5000-812,0,TEL AVIV - YAFO,4400,0,,,7,0.701,0.0
289,2020-08-27,2184,5000-813,0,TEL AVIV - YAFO,1500,0,,,4,0.708,0.0
290,2020-08-27,2186,5000-815,0,TEL AVIV - YAFO,600,0,,,1,0.803,0.0
291,2020-08-27,2193,5000-832,0,TEL AVIV - YAFO,3800,0,,,5,0.829,0.0
292,2020-08-27,2196,5000-912,0,TEL AVIV - YAFO,2900,0,,,5,0.812,0.0
293,2020-08-27,2203,5000-925,0,TEL AVIV - YAFO,3300,0,,,3,0.827,0.0
294,2020-08-27,2204,5000-926,0,TEL AVIV - YAFO,3200,0,,,1,0.827,0.0
295,2020-08-27,2206,5000-929,0,TEL AVIV - YAFO,4300,0,,,6,0.829,0.0
296,2020-08-27,2207,5000-931,0,TEL AVIV - YAFO,2000,0,,,1,0.83,0.0
297,2020-08-27,2304,5000-724,0,TEL AVIV - YAFO,0,0,,,2,0.824,0.0
298,2020-08-27,2308,5000-913,0,TEL AVIV - YAFO,0,0,,,2,0.704,0.0
300,2020-08-27,744,2640-004,0,ROSH HAAYIN,4300,0,,,5,0.795,0.0
301,2020-08-27,745,2640-005,0,ROSH HAAYIN,3200,0,,,1,0.801,0.0
302,2020-08-27,746,2640-006,0,ROSH HAAYIN,3100,0,,,1,0.853,0.0
303,2020-08-27,748,2640-008,0,ROSH HAAYIN,3100,0,,,13,0.761,0.0
304,2020-08-27,749,2640-009,0,ROSH HAAYIN,2800,0,,,2,0.79,0.0
305,2020-08-27,751,2640-012,0,ROSH HAAYIN,2100,0,,,9,0.792,0.0
306,2020-08-27,752,2640-013,0,ROSH HAAYIN,3800,0,,,2,0.78,0.0
307,2020-08-27,753,2650-011,0,RAMAT HASHARON,5000,0,,,5,0.794,0.0
308,2020-08-27,754,2650-013,0,RAMAT HASHARON,4900,0,,,13,0.848,0.0
309,2020-08-27,755,2650-014,0,RAMAT HASHARON,4700,0,,,5,0.85,0.0
310,2020-08-27,756,2650-021,0,RAMAT HASHARON,3700,0,,,45,0.988,0.5
311,2020-08-27,758,2650-023,0,RAMAT HASHARON,3600,0,,,9,0.871,0.0
312,2020-08-27,759,2650-024,0,RAMAT HASHARON,2800,0,,,17,0.841,0.0
313,2020-08-27,760,2650-031,0,RAMAT HASHARON,4200,1,,,17,0.86,0.0
314,2020-08-27,1618,2650-032,0,RAMAT HASHARON,3300,0,,,6,0.828,0.0
315,2020-08-27,1619,2650-033,0,RAMAT HASHARON,2000,0,,,10,0.841,0.0
316,2020-08-27,1620,2650-036,0,RAMAT HASHARON,700,0,,,9,0.79,0.0
317,2020-08-27,761,3000-932,0,JERUSALEM,6100,0,,,8,0.77,0.0
318,2020-08-27,764,3000-1011,0,JERUSALEM,4400,0,,,2,0.838,0.0
319,2020-08-27,765,3000-1012,0,JERUSALEM,4600,0,,,14,0.993,0.0
320,2020-08-27,766,3000-1013,0,JERUSALEM,3700,0,,,18,0.831,0.0
321,2020-08-27,767,3000-1014,0,JERUSALEM,3100,0,,,7,0.819,0.0
322,2020-08-27,768,3000-1015,0,JERUSALEM,4200,0,,,4,0.777,0.0
323,2020-08-27,770,3000-1022,0,JERUSALEM,1400,0,,,3,0.87,0.0
324,2020-08-27,772,3000-1031,0,JERUSALEM,5900,0,,,4,0.771,0.0
325,2020-08-27,776,3000-1041,0,JERUSALEM,1500,0,,,18,0.843,0.0
326,2020-08-27,807,3000-1021,0,JERUSALEM,0,0,,,9,0.792,0.0
327,2020-08-27,1663,3000-115,0,JERUSALEM,2500,0,,,4,0.747,0.0
328,2020-08-27,1667,3000-123,0,JERUSALEM,4800,0,,,4,0.831,0.0
329,2020-08-27,1668,3000-124,0,JERUSALEM,2500,0,,,6,0.809,0.0
330,2020-08-27,1671,3000-132,0,JERUSALEM,4600,0,,,2,0.813,0.0
331,2020-08-27,1672,3000-133,0,JERUSALEM,4000,0,,,15,0.768,0.0
332,2020-08-27,1675,3000-136,0,JERUSALEM,4100,0,,,3,0.81,0.0
333,2020-08-27,1686,3000-431,0,JERUSALEM,4600,0,,,2,0.775,0.0
334,2020-08-27,1692,3000-513,0,JERUSALEM,3800,0,,,3,0.78,0.0
335,2020-08-27,1696,3000-522,0,JERUSALEM,3300,0,,,1,0.789,0.0
336,2020-08-27,1701,3000-541,0,JERUSALEM,3700,0,,,6,0.835,0.0
337,2020-08-27,1702,3000-542,0,JERUSALEM,4200,0,,,1,0.745,0.0
338,2020-08-27,1719,3000-843,0,JERUSALEM,900,0,,,1,0.762,0.0
339,2020-08-27,1724,3000-852,0,JERUSALEM,700,0,,,18,0.764,0.0
340,2020-08-27,1725,3000-853,0,JERUSALEM,1300,0,,,1,0.785,0.0
341,2020-08-27,1732,3000-862,0,JERUSALEM,1300,0,,,8,0.776,0.0
342,2020-08-27,1733,3000-863,0,JERUSALEM,2900,0,,,1,0.802,0.0
343,2020-08-27,1734,3000-864,0,JERUSALEM,2600,0,,,1,0.83,0.0
344,2020-08-27,1739,3000-915,0,JERUSALEM,5200,0,,,4,0.743,0.0
345,2020-08-27,1740,3000-921,0,JERUSALEM,2600,0,,,2,0.778,0.0
346,2020-08-27,1744,3000-1042,0,JERUSALEM,2000,0,,,4,0.836,0.0
347,2020-08-27,1745,3000-1043,0,JERUSALEM,3300,0,,,11,0.8,0.0
348,2020-08-27,1747,3000-1115,0,JERUSALEM,1700,0,,,4,0.842,0.0
349,2020-08-27,1748,3000-1121,0,JERUSALEM,2200,0,,,5,0.839,0.0
350,2020-08-27,1749,3000-1122,0,JERUSALEM,3800,0,,,8,0.778,0.0
351,2020-08-27,1814,3000-741,0,JERUSALEM,0,0,,,12,0.815,0.0
352,2020-08-27,1815,3000-811,0,JERUSALEM,0,0,,,7,0.806,0.0
353,2020-08-27,1820,3000-925,0,JERUSALEM,0,1,,,11,0.808,0.0
354,2020-08-27,1831,3000-1134,0,JERUSALEM,1400,0,,,2,0.834,0.0
356,2020-08-27,1835,3000-1144,0,JERUSALEM,4000,0,,,8,0.821,0.0
357,2020-08-27,1836,3000-1147,0,JERUSALEM,4000,0,,,16,0.827,0.0
358,2020-08-27,1838,3000-1212,0,JERUSALEM,3500,0,,,2,0.81,0.0
359,2020-08-27,1841,3000-1215,0,JERUSALEM,4500,0,,,5,0.823,0.0
360,2020-08-27,1842,3000-1216,0,JERUSALEM,4100,0,,,14,0.827,0.0
361,2020-08-27,1843,3000-1217,0,JERUSALEM,4300,0,,,5,0.816,0.0
362,2020-08-27,1844,3000-1221,0,JERUSALEM,5700,0,,,5,0.766,0.0
363,2020-08-27,1845,3000-1222,0,JERUSALEM,4500,0,,,13,0.829,0.0
365,2020-08-27,1847,3000-1311,0,JERUSALEM,2600,0,,,16,0.81,0.0
367,2020-08-27,1849,3000-1313,0,JERUSALEM,2000,0,,,4,0.843,0.0
368,2020-08-27,1850,3000-1314,0,JERUSALEM,2200,0,,,3,0.868,0.0
369,2020-08-27,1851,3000-1321,0,JERUSALEM,1900,0,,,2,0.86,0.0
370,2020-08-27,1852,3000-1322,0,JERUSALEM,1100,0,,,3,0.82,0.0
371,2020-08-27,1853,3000-1332,0,JERUSALEM,2900,0,,,16,0.801,0.0
372,2020-08-27,1854,3000-1333,0,JERUSALEM,1900,0,,,4,0.881,0.0
373,2020-08-27,1855,3000-1334,0,JERUSALEM,2600,1,,,5,0.849,0.0
374,2020-08-27,1857,3000-1336,0,JERUSALEM,800,0,,,8,0.883,0.0
375,2020-08-27,1858,3000-1341,0,JERUSALEM,1000,0,,,11,0.873,0.0
376,2020-08-27,1859,3000-1342,0,JERUSALEM,4800,0,,,17,0.83,0.0
377,2020-08-27,1861,3000-1344,0,JERUSALEM,3200,0,,,1,0.799,0.0
378,2020-08-27,1864,3000-1351,0,JERUSALEM,3200,0,,,3,0.809,0.0
379,2020-08-27,1865,3000-1352,0,JERUSALEM,2800,0,,,1,0.822,0.0
380,2020-08-27,1867,3000-1354,0,JERUSALEM,2800,0,,,10,0.866,0.0
381,2020-08-27,1869,3000-1622,0,JERUSALEM,8800,0,,,1,0.777,0.0
382,2020-08-27,1870,3000-1623,0,JERUSALEM,1000,0,,,7,0.738,0.0
383,2020-08-27,1874,3000-1634,0,JERUSALEM,4600,0,,,17,0.821,0.0
384,2020-08-27,814,8400-113,0,REHOVOT,600,0,,,1,0.843,0.0
385,2020-08-27,815,8400-114,0,REHOVOT,4200,2,,,40,0.929,0.5
387,2020-08-27,817,8400-116,0,REHOVOT,4100,0,,,2,0.868,0.0
388,2020-08-27,818,8400-117,0,REHOVOT,5100,0,,,6,0.822,0.0
389,2020-08-27,819,8400-121,0,REHOVOT,3800,0,,,5,0.822,0.0
391,2020-08-27,821,8400-123,0,REHOVOT,1100,0,,,7,0.791,0.0
392,2020-08-27,822,8400-124,0,REHOVOT,3000,0,,,7,0.852,0.0
393,2020-08-27,823,8400-211,0,REHOVOT,3600,0,,,12,0.788,0.0
394,2020-08-27,825,8400-213,0,REHOVOT,4200,0,,,11,0.806,0.0
395,2020-08-27,826,8400-214,0,REHOVOT,2800,0,,,11,0.789,0.0
396,2020-08-27,827,8400-221,0,REHOVOT,1300,0,,,4,0.825,0.0
397,2020-08-27,828,8400-222,0,REHOVOT,7000,0,,,3,0.8,0.0
398,2020-08-27,830,8400-232,0,REHOVOT,4400,0,,,2,0.801,0.0
400,2020-08-27,832,8400-312,0,REHOVOT,3900,0,,,5,0.809,0.0
401,2020-08-27,833,8400-313,0,REHOVOT,2700,0,,,5,0.835,0.0
403,2020-08-27,2769,8400-321,0,REHOVOT,4300,0,,,3,0.82,0.0
404,2020-08-27,2770,8400-322,0,REHOVOT,4800,0,,,11,0.819,0.0
407,2020-08-27,2773,8400-413,0,REHOVOT,4600,0,,,2,0.853,0.0
408,2020-08-27,2774,8400-414,0,REHOVOT,4000,0,,,15,0.826,0.0
409,2020-08-27,2775,8400-421,0,REHOVOT,3500,0,,,6,0.832,0.0
410,2020-08-27,2776,8400-422,0,REHOVOT,800,0,,,12,0.902,0.0
411,2020-08-27,2777,8400-424,0,REHOVOT,2400,0,,,9,0.774,0.0
412,2020-08-27,2778,8400-425,0,REHOVOT,3500,0,,,3,0.801,0.0
413,2020-08-27,2818,8400-111,0,REHOVOT,0,0,,,5,0.794,0.0
414,2020-08-27,2820,8400-431,0,REHOVOT,4500,0,,,5,0.818,0.0
415,2020-08-27,840,9000-312,0,BE'ER SHEVA,4800,1,,,5,0.818,0.0
416,2020-08-27,842,9000-411,0,BE'ER SHEVA,1000,0,,,1,0.754,0.0
417,2020-08-27,845,9000-414,0,BE'ER SHEVA,6600,0,,,1,0.816,0.0
418,2020-08-27,849,9000-423,0,BE'ER SHEVA,4500,0,,,1,0.835,0.0
419,2020-08-27,850,9000-431,0,BE'ER SHEVA,2900,0,,,2,0.796,0.0
420,2020-08-27,851,9000-432,0,BE'ER SHEVA,3900,0,,,1,0.836,0.0
421,2020-08-27,2926,9000-131,0,BE'ER SHEVA,2400,0,,,1,1.569,0.0
422,2020-08-27,2927,9000-132,0,BE'ER SHEVA,3300,0,,,1,0.849,0.0
423,2020-08-27,2928,9000-133,0,BE'ER SHEVA,1600,0,,,1,0.832,0.0
424,2020-08-27,2938,9000-434,0,BE'ER SHEVA,4300,1,,,5,0.876,0.0
425,2020-08-27,2940,9000-512,0,BE'ER SHEVA,3400,0,,,1,0.826,0.0
426,2020-08-27,2941,9000-513,0,BE'ER SHEVA,3300,0,,,10,0.833,0.0
427,2020-08-27,2942,9000-521,0,BE'ER SHEVA,2600,0,,,2,0.823,0.0
428,2020-08-27,2947,9000-613,0,BE'ER SHEVA,4500,0,,,17,0.925,0.0
429,2020-08-27,2952,9000-633,0,BE'ER SHEVA,2500,0,,,1,0.754,0.0
430,2020-08-27,2953,9000-634,0,BE'ER SHEVA,1400,0,,,1,0.847,0.0
431,2020-08-27,2954,9000-641,0,BE'ER SHEVA,2900,0,,,5,0.822,0.0
432,2020-08-27,2956,9000-643,0,BE'ER SHEVA,4900,1,,,10,0.812,0.0
433,2020-08-27,2958,9000-645,0,BE'ER SHEVA,8600,0,,,1,0.774,0.0
434,2020-08-27,860,7700-025,0,AFULA,4800,0,,,17,0.78,0.0
435,2020-08-27,861,7700-026,0,AFULA,4200,0,,,1,0.8,0.0
436,2020-08-27,2679,7700-011,0,AFULA,3200,0,,,3,0.829,0.0
437,2020-08-27,2685,7700-023,0,AFULA,5500,0,,,3,0.845,0.0
438,2020-08-27,2807,7700-018,0,AFULA,0,0,,,5,0.751,0.0
439,2020-08-27,930,0714-001,0,EREZ,0,0,,,12,0.815,0.0
440,2020-08-27,943,0730-001,0,ELIFELET,0,0,,,12,0.821,0.0
441,2020-08-27,945,0732-001,0,MISHMAR HAYARDEN,600,0,,,4,0.814,0.0
442,2020-08-27,947,0735-001,0,RAMOT ME'IR,700,0,,,4,0.818,0.0
443,2020-08-27,955,0743-001,0,KEFAR SHEMU'EL,800,0,,,8,0.796,0.0
444,2020-08-27,975,0764-001,0,KEFAR MORDEKHAY,0,0,,,3,0.818,0.0
445,2020-08-27,976,0765-001,0,MISGAV DOV,600,0,,,10,0.806,0.0
446,2020-08-27,979,0768-001,0,KARMIYYA,500,0,,,5,0.792,0.0
447,2020-08-27,981,0771-001,0,MEVO BETAR,0,0,,,1,0.812,0.0
448,2020-08-27,990,0780-001,0,ORA,1000,0,,,1,0.813,0.0
449,2020-08-27,991,0783-001,0,EVEN SAPPIR,600,0,,,3,0.815,0.0
450,2020-08-27,1006,0799-001,0,ZEKHARYA,900,0,,,6,0.819,0.0
451,2020-08-27,1013,0806-001,0,EN YAHAV,600,0,,,5,0.81,0.0
452,2020-08-27,1015,0808-001,0,NIR ELIYYAHU,0,0,,,5,0.809,0.0
453,2020-08-27,1026,0819-001,0,AVIGEDOR,700,0,,,10,0.8,0.0
454,2020-08-27,1040,0845-001,0,KEFAR AZZA,700,0,,,2,0.809,0.0
455,2020-08-27,1044,0850-001,0,AHITUV,1000,0,,,1,0.816,0.0
456,2020-08-27,1047,0853-001,0,GE'ALYA,1000,0,,,2,0.815,0.0
457,2020-08-27,1050,0857-001,0,KEFAR AVIV,700,0,,,2,0.816,0.0
458,2020-08-27,1060,0870-001,0,GIV'AT HASHELOSHA,700,0,,,3,0.812,0.0
459,2020-08-27,1064,0874-001,0,MIGDAL HAEMEQ,4000,0,,,1,0.828,0.0
460,2020-08-27,1066,0874-003,0,MIGDAL HAEMEQ,4000,0,,,6,0.803,0.0
461,2020-08-27,1069,0874-007,0,MIGDAL HAEMEQ,1800,0,,,1,0.794,0.0
462,2020-08-27,1084,0917-001,0,SEGEV,900,0,,,22,0.877,0.0
463,2020-08-27,1085,0919-001,0,GIV'AT YESHA'YAHU,600,0,,,9,0.815,0.0
464,2020-08-27,1087,0922-001,0,REKHASIM,9000,0,,,2,0.813,0.0
465,2020-08-27,1119,4000-532,0,HAIFA,3500,0,,,6,0.842,0.0
466,2020-08-27,1120,4000-533,0,HAIFA,3700,0,,,12,0.888,0.0
467,2020-08-27,1122,4000-612,0,HAIFA,2000,0,,,6,0.804,0.0
468,2020-08-27,1123,4000-613,0,HAIFA,3100,0,,,10,0.801,0.0
469,2020-08-27,1124,4000-621,0,HAIFA,3700,0,,,3,0.841,0.0
470,2020-08-27,2027,4000-122,0,HAIFA,4700,0,,,1,0.858,0.0
471,2020-08-27,2030,4000-133,0,HAIFA,3000,0,,,5,0.827,0.0
472,2020-08-27,2031,4000-134,0,HAIFA,4400,0,,,8,0.833,0.0
473,2020-08-27,2032,4000-135,0,HAIFA,4700,0,,,2,0.844,0.0
474,2020-08-27,2036,4000-322,0,HAIFA,800,0,,,17,0.807,0.0
475,2020-08-27,2040,4000-334,0,HAIFA,3900,0,,,1,0.867,0.0
476,2020-08-27,2044,4000-414,0,HAIFA,3400,0,,,12,0.834,0.0
477,2020-08-27,2046,4000-417,0,HAIFA,3600,0,,,5,0.877,0.0
478,2020-08-27,2048,4000-422,0,HAIFA,4200,0,,,6,0.843,0.0
479,2020-08-27,2055,4000-511,0,HAIFA,5300,0,,,11,0.835,0.0
481,2020-08-27,2057,4000-513,0,HAIFA,3100,0,,,3,0.843,0.0
482,2020-08-27,2058,4000-514,0,HAIFA,2900,0,,,18,0.852,0.0
483,2020-08-27,2061,4000-523,0,HAIFA,1600,0,,,4,0.878,0.0
484,2020-08-27,2062,4000-524,0,HAIFA,2200,0,,,4,0.858,0.0
485,2020-08-27,2063,4000-525,0,HAIFA,3400,0,,,8,0.848,0.0
486,2020-08-27,2064,4000-526,0,HAIFA,3300,2,,,14,0.839,0.0
487,2020-08-27,2065,4000-527,0,HAIFA,2100,0,,,6,0.799,0.0
488,2020-08-27,2068,4000-623,0,HAIFA,3200,0,,,6,0.854,0.0
489,2020-08-27,2069,4000-631,0,HAIFA,4000,0,,,1,0.833,0.0
490,2020-08-27,2070,4000-632,0,HAIFA,2700,0,,,1,0.833,0.0
491,2020-08-27,2076,4000-644,0,HAIFA,700,0,,,12,0.838,0.0
492,2020-08-27,2080,4000-714,0,HAIFA,4800,0,,,5,0.825,0.0
493,2020-08-27,2083,4000-722,0,HAIFA,3100,0,,,7,0.829,0.0
494,2020-08-27,2086,4000-732,0,HAIFA,4100,0,,,6,1.031,0.0
495,2020-08-27,2087,4000-733,0,HAIFA,2700,0,,,8,0.837,0.0
496,2020-08-27,2088,4000-811,0,HAIFA,3700,0,,,8,0.836,0.0
497,2020-08-27,2090,4000-813,0,HAIFA,2800,0,,,6,0.808,0.0
498,2020-08-27,2091,4000-821,0,HAIFA,4000,0,,,14,0.81,0.0
499,2020-08-27,2092,4000-822,0,HAIFA,2000,0,,,15,0.804,0.0
500,2020-08-27,2093,4000-823,0,HAIFA,1800,0,,,2,0.86,0.0
501,2020-08-27,2094,4000-824,0,HAIFA,2800,0,,,4,0.824,0.0
502,2020-08-27,2095,4000-911,0,HAIFA,3900,0,,,6,0.927,0.0
503,2020-08-27,2096,4000-912,0,HAIFA,3600,0,,,16,0.837,0.0
504,2020-08-27,2097,4000-921,0,HAIFA,2200,0,,,10,0.865,0.0
505,2020-08-27,2098,4000-922,0,HAIFA,3600,0,,,1,0.887,0.0
506,2020-08-27,2099,4000-931,0,HAIFA,3400,1,,,15,0.847,0.0
507,2020-08-27,2100,4000-932,0,HAIFA,4600,0,,,7,0.848,0.0
509,2020-08-27,2102,4000-934,0,HAIFA,3600,0,,,19,0.856,0.0
510,2020-08-27,2103,4000-941,0,HAIFA,2300,0,,,10,0.913,0.0
511,2020-08-27,2104,4000-942,0,HAIFA,1700,0,,,12,0.853,0.0
513,2020-08-27,2106,4000-944,0,HAIFA,4700,0,,,40,0.815,0.5
514,2020-08-27,2289,4000-825,0,HAIFA,0,0,,,4,0.818,0.0
515,2020-08-27,1132,6300-023,0,GIV'ATAYIM,3800,0,,,15,0.806,0.0
518,2020-08-27,1135,6300-033,0,GIV'ATAYIM,4400,0,,,2,0.787,0.0
519,2020-08-27,1136,6300-034,0,GIV'ATAYIM,4100,0,,,7,0.816,0.0
521,2020-08-27,2359,6300-012,0,GIV'ATAYIM,6000,0,,,14,0.794,0.0
522,2020-08-27,2360,6300-013,0,GIV'ATAYIM,3600,0,,,15,0.805,0.0
523,2020-08-27,2361,6300-021,0,GIV'ATAYIM,4200,0,,,15,0.809,0.0
524,2020-08-27,2362,6300-022,0,GIV'ATAYIM,2900,0,,,3,0.779,0.0
525,2020-08-27,2363,6300-042,0,GIV'ATAYIM,3200,0,,,5,0.854,0.0
526,2020-08-27,2364,6300-043,0,GIV'ATAYIM,3800,0,,,2,0.807,0.0
527,2020-08-27,2365,6300-044,0,GIV'ATAYIM,3200,0,,,10,0.871,0.0
528,2020-08-27,1148,1015-001,0,MEVASSERET ZIYYON,2700,0,,,2,0.824,0.0
529,2020-08-27,1149,1015-002,0,MEVASSERET ZIYYON,5700,0,,,15,0.838,0.0
531,2020-08-27,1151,1015-004,0,MEVASSERET ZIYYON,3300,0,,,6,0.838,0.0
532,2020-08-27,1153,1015-006,0,MEVASSERET ZIYYON,3500,0,,,1,0.807,0.0
533,2020-08-27,1157,1020-004,0,OR AQIVA,2400,0,,,1,0.827,0.0
534,2020-08-27,1163,1031-005,0,SEDEROT,2900,0,,,3,0.772,0.0
535,2020-08-27,1168,1034-003,0,QIRYAT MAL'AKHI,3000,0,,,1,0.808,0.0
536,2020-08-27,1172,1043-001,0,GIZO,0,0,,,6,0.809,0.0
537,2020-08-27,1191,1061-034,0,NAZERAT ILLIT,2900,0,,,8,0.833,0.0
538,2020-08-27,1192,1061-041,0,NAZERAT ILLIT,3300,0,,,8,1.245,0.0
539,2020-08-27,1194,1061-043,0,NAZERAT ILLIT,5100,0,,,1,0.837,0.0
540,2020-08-27,1195,1063-001,0,MA'ALOT-TARSHIHA,3600,0,,,2,0.779,0.0
541,2020-08-27,1223,1114-001,0,SRIGIM (LI-ON),1000,0,,,14,0.804,0.0
542,2020-08-27,1238,1138-001,0,YA'AD,600,0,,,2,0.816,0.0
543,2020-08-27,1240,1139-013,0,KARMI'EL,4200,0,,,6,0.832,0.0
544,2020-08-27,1241,1139-014,0,KARMI'EL,3900,0,,,2,0.858,0.0
545,2020-08-27,1243,1139-022,0,KARMI'EL,2900,0,,,5,0.83,0.0
546,2020-08-27,1244,1139-023,0,KARMI'EL,4400,0,,,7,0.817,0.0
547,2020-08-27,1245,1139-024,0,KARMI'EL,5000,0,,,2,0.811,0.0
549,2020-08-27,1248,1139-033,0,KARMI'EL,3900,0,,,12,0.995,0.0
550,2020-08-27,1249,1139-034,0,KARMI'EL,4900,0,,,1,0.799,0.0
551,2020-08-27,1251,1140-001,0,MIDRESHET BEN GURION,1200,0,,,9,0.808,0.0
552,2020-08-27,1269,1160-001,0,SHEKHANYA,600,0,,,6,0.819,0.0
553,2020-08-27,1278,1161-009,0,RAHAT,4400,0,,,1,0.703,0.0
554,2020-08-27,1305,1200-012,0,MODI'IN-MAKKABBIM-RE'UT,4400,0,,,2,0.792,0.0
555,2020-08-27,1306,1200-013,0,MODI'IN-MAKKABBIM-RE'UT,4700,0,,,3,0.785,0.0
556,2020-08-27,1307,1200-015,0,MODI'IN-MAKKABBIM-RE'UT,6200,0,,,12,0.803,0.0
557,2020-08-27,1309,1200-017,0,MODI'IN-MAKKABBIM-RE'UT,4000,0,,,1,0.82,0.0
558,2020-08-27,1310,1200-021,0,MODI'IN-MAKKABBIM-RE'UT,2600,0,,,7,0.786,0.0
559,2020-08-27,1311,1200-022,0,MODI'IN-MAKKABBIM-RE'UT,5800,0,,,13,0.786,0.0
561,2020-08-27,1313,1200-024,0,MODI'IN-MAKKABBIM-RE'UT,8300,0,,,7,0.793,0.0
562,2020-08-27,1334,1200-031,0,MODI'IN-MAKKABBIM-RE'UT,0,0,,,1,0.754,0.0
563,2020-08-27,1335,1200-033,0,MODI'IN-MAKKABBIM-RE'UT,5400,0,,,5,0.766,0.0
564,2020-08-27,1336,1200-034,0,MODI'IN-MAKKABBIM-RE'UT,2800,0,,,1,0.782,0.0
566,2020-08-27,1338,1200-042,0,MODI'IN-MAKKABBIM-RE'UT,3300,0,,,2,0.817,0.0
567,2020-08-27,1339,1200-043,0,MODI'IN-MAKKABBIM-RE'UT,2800,0,,,15,0.814,0.0
568,2020-08-27,1340,1201-001,0,KAMMON,1200,0,,,12,0.806,0.0
569,2020-08-27,1349,1210-001,0,KAHAL,0,0,,,1,0.817,0.0
570,2020-08-27,1352,1213-001,0,ZIV'ON,0,0,,,1,0.818,0.0
571,2020-08-27,1359,1224-001,0,KOKHAV YA'IR,2600,2,,,20,0.821,0.0
572,2020-08-27,1361,1224-003,0,KOKHAV YA'IR,2200,0,,,5,0.773,0.0
573,2020-08-27,1362,1224-004,0,KOKHAV YA'IR,3100,0,,,4,0.78,0.0
574,2020-08-27,1366,1228-001,0,RAQQEFET,800,0,,,1,0.818,0.0
575,2020-08-27,1371,1233-001,0,SHEQEF,500,0,,,2,0.817,0.0
576,2020-08-27,1372,1235-001,0,SHORASHIM,0,0,,,4,0.81,0.0
577,2020-08-27,1373,1236-001,0,NIRIT,1000,0,,,1,0.81,0.0
578,2020-08-27,1374,1237-001,0,TALME YOSEF,0,0,,,1,0.814,0.0
579,2020-08-27,1380,1244-001,0,TIMRAT,1400,0,,,7,0.8,0.0
580,2020-08-27,1383,1247-001,0,QAZIR-HARISH,3300,0,,,1,0.817,0.0
581,2020-08-27,1396,1263-001,0,KEFAR WERADIM,5500,1,,,15,0.799,0.0
582,2020-08-27,1397,1264-001,0,KARME YOSEF,1700,0,,,20,0.791,0.0
583,2020-08-27,1400,1268-001,0,METAR,6100,1,,,12,0.803,0.0
584,2020-08-27,1401,1271-001,0,LEHAVIM,5700,0,,,26,0.779,0.0
585,2020-08-27,1414,1288-001,0,GIV'AT ELA,1600,0,,,3,0.818,0.0
587,2020-08-27,1428,1304-002,0,SHOHAM,5100,0,,,12,0.781,0.0
588,2020-08-27,1429,1304-003,0,SHOHAM,4400,0,,,17,0.755,0.0
589,2020-08-27,1430,1304-004,0,SHOHAM,4200,0,,,7,0.779,0.0
590,2020-08-27,1431,1309-001,0,EL'AD,5800,0,,,3,0.761,0.0
591,2020-08-27,1437,1310-001,0,LAPPID,2500,0,,,10,0.803,0.0
592,2020-08-27,1441,1315-001,0,MATTAN,3400,0,,,2,0.817,0.0
593,2020-08-27,1445,1319-001,0,BAT HEFER,5200,0,,,3,0.811,0.0
594,2020-08-27,1462,1337-001,0,SHIMSHIT,2400,1,,,13,0.809,0.0
595,2020-08-27,1473,2010-001,0,KEFAR BIN NUN,500,0,,,4,0.814,0.0
596,2020-08-27,1476,2013-001,0,BEN SHEMEN (MOSHAV),600,0,,,4,0.815,0.0
597,2020-08-27,1516,2100-005,0,TIRAT KARMEL,4500,0,,,5,0.826,0.0
598,2020-08-27,1520,2200-003,0,DIMONA,2100,0,,,1,0.865,0.0
599,2020-08-27,1526,2200-009,0,DIMONA,4500,0,,,1,0.772,0.0
600,2020-08-27,1528,2200-011,0,DIMONA,1900,0,,,1,0.834,0.0
601,2020-08-27,1530,2300-001,0,QIRYAT TIV'ON,5900,0,,,13,0.821,0.0
602,2020-08-27,1531,2300-002,0,QIRYAT TIV'ON,3500,0,,,16,0.844,0.0
604,2020-08-27,1533,2300-004,0,QIRYAT TIV'ON,2300,1,,,6,0.839,0.0
605,2020-08-27,1541,2400-009,0,OR YEHUDA,6600,0,,,4,0.808,0.0
606,2020-08-27,1542,2400-010,0,OR YEHUDA,3200,0,,,5,0.869,0.0
607,2020-08-27,1545,2500-002,0,NESHER,3100,0,,,5,0.869,0.0
608,2020-08-27,1547,2500-004,0,NESHER,3200,0,,,6,0.782,0.0
609,2020-08-27,1548,2500-005,0,NESHER,3600,0,,,3,0.791,0.0
610,2020-08-27,1549,2500-006,0,NESHER,4100,0,,,4,0.822,0.0
611,2020-08-27,1550,2500-007,0,NESHER,6100,0,,,12,0.807,0.0
612,2020-08-27,1551,2530-001,0,BE'ER YA'AQOV,9700,0,,,11,0.792,0.0
613,2020-08-27,1552,2550-001,0,GEDERA,2700,0,,,9,0.817,0.0
614,2020-08-27,1553,2550-002,0,GEDERA,4700,0,,,3,0.827,0.0
615,2020-08-27,1554,2550-003,0,GEDERA,3400,0,,,4,0.8,0.0
616,2020-08-27,1555,2550-004,0,GEDERA,9300,0,,,6,0.792,0.0
617,2020-08-27,1556,2560-001,0,ARAD,4800,0,,,6,0.809,0.0
618,2020-08-27,1558,2560-003,0,ARAD,5000,0,,,1,0.812,0.0
619,2020-08-27,1559,2560-005,0,ARAD,4900,0,,,9,0.828,0.0
620,2020-08-27,1562,2600-014,0,ELAT,4800,0,,,4,0.777,0.0
621,2020-08-27,1563,2600-016,0,ELAT,4000,0,,,6,0.831,0.0
622,2020-08-27,1564,2600-021,0,ELAT,4400,0,,,2,0.79,0.0
623,2020-08-27,1567,2600-024,0,ELAT,3800,0,,,8,0.877,0.0
624,2020-08-27,1568,2600-025,0,ELAT,2800,0,,,8,0.787,0.0
625,2020-08-27,1571,2600-033,0,ELAT,3700,0,,,14,0.776,0.0
626,2020-08-27,1577,2610-015,0,BET SHEMESH,2200,0,,,5,0.805,0.0
627,2020-08-27,1578,2610-016,0,BET SHEMESH,3900,0,,,9,0.778,0.0
628,2020-08-27,1580,2610-022,0,BET SHEMESH,4700,0,,,9,0.769,0.0
629,2020-08-27,1583,2610-025,0,BET SHEMESH,2900,0,,,1,0.792,0.0
630,2020-08-27,1589,2610-035,0,BET SHEMESH,5100,0,,,4,0.754,0.0
631,2020-08-27,1590,2610-036,0,BET SHEMESH,4200,0,,,1,0.761,0.0
632,2020-08-27,1592,2620-001,0,QIRYAT ONO,5600,0,,,6,0.845,0.0
633,2020-08-27,1593,2620-002,0,QIRYAT ONO,4200,0,,,14,0.833,0.0
634,2020-08-27,1594,2620-003,0,QIRYAT ONO,3600,0,,,4,0.803,0.0
635,2020-08-27,1595,2620-004,0,QIRYAT ONO,3300,0,,,3,0.828,0.0
636,2020-08-27,1596,2620-005,0,QIRYAT ONO,3900,0,,,9,0.83,0.0
637,2020-08-27,1597,2620-006,0,QIRYAT ONO,4800,0,,,5,0.844,0.0
639,2020-08-27,1602,2630-014,0,QIRYAT GAT,4000,0,,,1,0.818,0.0
640,2020-08-27,1603,2630-015,0,QIRYAT GAT,3800,0,,,4,0.802,0.0
641,2020-08-27,1604,2630-021,0,QIRYAT GAT,2400,0,,,5,0.815,0.0
642,2020-08-27,1606,2630-023,0,QIRYAT GAT,2400,0,,,19,0.807,0.0
643,2020-08-27,1608,2630-025,0,QIRYAT GAT,3100,0,,,4,0.805,0.0
644,2020-08-27,1612,2630-034,0,QIRYAT GAT,4100,0,,,1,0.833,0.0
647,2020-08-27,1623,2660-004,0,YAVNE,4400,0,,,10,0.808,0.0
648,2020-08-27,1624,2660-005,0,YAVNE,4500,0,,,9,0.772,0.0
649,2020-08-27,1627,2660-008,0,YAVNE,7000,0,,,3,0.792,0.0
650,2020-08-27,1787,2660-001,0,YAVNE,0,0,,,10,0.759,0.0
651,2020-08-27,1788,2660-009,0,YAVNE,0,0,,,16,0.748,0.0
652,2020-08-27,1637,2710-033,0,UMM AL-FAHM,7000,0,,,2,1.043,0.0
653,2020-08-27,1885,3561-001,0,MIGDAL OZ,0,0,,,1,0.816,0.0
654,2020-08-27,1911,3604-001,0,ALLON SHEVUT,2900,0,,,9,0.788,0.0
655,2020-08-27,1915,3608-001,0,MA'ALE EFRAYIM,1300,0,,,5,0.794,0.0
656,2020-08-27,1918,3611-001,0,QIRYAT ARBA,6500,0,,,2,0.816,0.0
657,2020-08-27,1920,3613-001,0,GITTIT,0,0,,,1,0.814,0.0
658,2020-08-27,1929,3616-009,0,MA'ALE ADUMMIM,4600,0,,,2,0.786,0.0
659,2020-08-27,1938,3640-001,0,QARNE SHOMERON,6200,0,,,3,0.816,0.0
660,2020-08-27,1947,3650-001,0,EFRATA,6900,0,,,13,0.8,0.0
661,2020-08-27,1949,3652-001,0,BET ARYE,3600,0,,,8,0.807,0.0
662,2020-08-27,1961,3713-001,0,NA'AMA,0,0,,,5,0.809,0.0
663,2020-08-27,1962,3715-001,0,ALMON,800,0,,,3,0.806,0.0
664,2020-08-27,1972,3730-001,0,GIV'AT ZE'EV,2100,0,,,5,0.8,0.0
665,2020-08-27,1974,3730-003,0,GIV'AT ZE'EV,5100,0,,,5,0.788,0.0
666,2020-08-27,1981,3750-001,0,ALFE MENASHE,6300,0,,,10,0.813,0.0
667,2020-08-27,1987,3760-001,0,ORANIT,5700,0,,,4,0.814,0.0
668,2020-08-27,1995,3769-001,0,HAR ADAR,2900,0,,,4,0.811,0.0
669,2020-08-27,2002,3780-004,0,BETAR ILLIT,3500,0,,,1,0.726,0.0
670,2020-08-27,2016,3797-001,0,MODI'IN ILLIT,1000,0,,,1,0.816,0.0
671,2020-08-27,2021,3797-006,0,MODI'IN ILLIT,3500,0,,,1,0.719,0.0
672,2020-08-27,2118,4012-001,0,ANI'AM,0,0,,,2,0.81,0.0
673,2020-08-27,2122,4017-001,0,ALLONE HABASHAN,0,0,,,6,0.803,0.0
674,2020-08-27,2123,4100-001,0,QAZRIN,6500,1,,,1,0.817,0.0
675,2020-08-27,2136,4702-001,0,RAMOT,0,0,,,12,0.804,0.0
676,2020-08-27,2218,6100-123,0,BENE BERAQ,6100,0,,,8,0.768,0.0
677,2020-08-27,2221,6100-213,0,BENE BERAQ,2700,0,,,1,0.756,0.0
678,2020-08-27,2223,6100-221,0,BENE BERAQ,3300,0,,,2,0.76,0.0
679,2020-08-27,2228,6100-233,0,BENE BERAQ,5100,0,,,2,0.743,0.0
680,2020-08-27,2233,6100-315,0,BENE BERAQ,4600,0,,,10,0.746,0.0
681,2020-08-27,2235,6100-322,0,BENE BERAQ,6400,0,,,10,0.765,0.0
682,2020-08-27,2324,6200-211,0,BAT YAM,3800,0,,,5,0.809,0.0
683,2020-08-27,2327,6200-214,0,BAT YAM,3200,0,,,4,0.876,0.0
684,2020-08-27,2344,6200-322,0,BAT YAM,5200,0,,,3,0.841,0.0
685,2020-08-27,2347,6200-413,0,BAT YAM,3900,0,,,5,0.837,0.0
686,2020-08-27,2356,6200-522,0,BAT YAM,4400,0,,,3,0.819,0.0
687,2020-08-27,2367,6400-012,0,HERZLIYYA,4100,0,,,1,0.813,0.0
688,2020-08-27,2368,6400-013,0,HERZLIYYA,4200,0,,,3,0.83,0.0
689,2020-08-27,2369,6400-021,0,HERZLIYYA,4500,0,,,1,0.866,0.0
691,2020-08-27,2371,6400-023,0,HERZLIYYA,3800,0,,,10,0.848,0.0
693,2020-08-27,2374,6400-032,0,HERZLIYYA,2100,0,,,7,0.825,0.0
695,2020-08-27,2376,6400-034,0,HERZLIYYA,4200,0,,,1,0.836,0.0
696,2020-08-27,2377,6400-035,0,HERZLIYYA,3700,0,,,10,1.03,0.0
697,2020-08-27,2378,6400-041,0,HERZLIYYA,2800,1,,,11,0.845,0.0
698,2020-08-27,2379,6400-042,0,HERZLIYYA,3000,0,,,10,0.833,0.0
700,2020-08-27,2381,6400-044,0,HERZLIYYA,2800,0,,,13,0.815,0.0
701,2020-08-27,2383,6400-052,0,HERZLIYYA,2400,0,,,12,0.817,0.0
702,2020-08-27,2384,6400-054,0,HERZLIYYA,5100,0,,,4,0.835,0.0
704,2020-08-27,2386,6400-056,0,HERZLIYYA,3600,0,,,4,0.822,0.0
705,2020-08-27,2387,6400-057,0,HERZLIYYA,2400,0,,,3,0.813,0.0
706,2020-08-27,2388,6400-063,0,HERZLIYYA,2400,0,,,3,0.822,0.0
708,2020-08-27,2390,6400-065,0,HERZLIYYA,3300,0,,,19,0.903,0.0
709,2020-08-27,2391,6400-066,0,HERZLIYYA,4100,0,,,17,0.848,0.0
710,2020-08-27,2780,6400-053,0,HERZLIYYA,0,0,,,3,0.727,0.0
711,2020-08-27,2398,6500-031,0,HADERA,4200,0,,,14,0.819,0.0
712,2020-08-27,2399,6500-032,0,HADERA,5400,0,,,16,0.824,0.0
713,2020-08-27,2400,6500-041,0,HADERA,6600,0,,,15,0.784,0.0
714,2020-08-27,2405,6500-051,0,HADERA,4000,0,,,2,0.858,0.0
715,2020-08-27,2413,6600-211,0,HOLON,4200,0,,,2,0.841,0.0
716,2020-08-27,2414,6600-212,0,HOLON,4100,0,,,2,0.847,0.0
717,2020-08-27,2415,6600-213,0,HOLON,4800,0,,,10,0.841,0.0
718,2020-08-27,2417,6600-215,0,HOLON,2000,0,,,3,0.807,0.0
719,2020-08-27,2418,6600-216,0,HOLON,3000,0,,,6,0.856,0.0
720,2020-08-27,2419,6600-221,0,HOLON,1800,0,,,5,0.863,0.0
721,2020-08-27,2420,6600-222,0,HOLON,1900,0,,,3,0.853,0.0
722,2020-08-27,2421,6600-223,0,HOLON,3000,0,,,1,0.82,0.0
723,2020-08-27,2423,6600-225,0,HOLON,4200,0,,,13,0.821,0.0
724,2020-08-27,2425,6600-312,0,HOLON,2300,0,,,4,0.853,0.0
725,2020-08-27,2427,6600-314,0,HOLON,2900,0,,,4,0.844,0.0
727,2020-08-27,2429,6600-322,0,HOLON,2300,0,,,4,0.848,0.0
728,2020-08-27,2430,6600-323,0,HOLON,3800,0,,,5,0.856,0.0
729,2020-08-27,2432,6600-331,0,HOLON,2700,0,,,4,0.857,0.0
730,2020-08-27,2433,6600-332,0,HOLON,2000,0,,,3,0.859,0.0
731,2020-08-27,2435,6600-334,0,HOLON,2200,0,,,2,0.932,0.0
732,2020-08-27,2437,6600-411,0,HOLON,1300,0,,,15,0.798,0.0
733,2020-08-27,2438,6600-412,0,HOLON,3400,0,,,2,0.839,0.0
734,2020-08-27,2439,6600-413,0,HOLON,4200,0,,,12,0.806,0.0
735,2020-08-27,2440,6600-414,0,HOLON,2600,0,,,10,0.822,0.0
736,2020-08-27,2441,6600-415,0,HOLON,1900,0,,,1,0.79,0.0
737,2020-08-27,2442,6600-416,0,HOLON,6000,0,,,10,0.771,0.0
738,2020-08-27,2446,6600-425,0,HOLON,3400,0,,,4,0.809,0.0
739,2020-08-27,2447,6600-426,0,HOLON,3000,0,,,19,0.813,0.0
740,2020-08-27,2448,6600-427,0,HOLON,4500,0,,,11,0.815,0.0
741,2020-08-27,2449,6600-512,0,HOLON,4300,0,,,1,0.821,0.0
742,2020-08-27,2450,6600-513,0,HOLON,1400,0,,,8,0.815,0.0
743,2020-08-27,2452,6600-521,0,HOLON,4300,0,,,1,0.828,0.0
744,2020-08-27,2455,6600-611,0,HOLON,4300,0,,,12,0.835,0.0
745,2020-08-27,2461,6600-622,0,HOLON,4100,0,,,6,0.81,0.0
746,2020-08-27,2462,6600-623,0,HOLON,3800,0,,,3,0.845,0.0
747,2020-08-27,2465,6600-626,0,HOLON,4300,0,,,10,0.804,0.0
748,2020-08-27,2475,6700-025,0,TIBERIAS,2900,0,,,1,0.813,0.0
749,2020-08-27,2480,6700-036,0,TIBERIAS,2500,0,,,4,0.801,0.0
750,2020-08-27,2486,6800-022,0,QIRYAT ATTA,5000,1,,,4,0.835,0.0
751,2020-08-27,2487,6800-023,0,QIRYAT ATTA,4400,0,,,2,0.909,0.0
752,2020-08-27,2489,6800-025,0,QIRYAT ATTA,5800,0,,,2,0.805,0.0
753,2020-08-27,2490,6800-031,0,QIRYAT ATTA,3400,0,,,11,0.818,0.0
754,2020-08-27,2492,6900-011,0,KEFAR SAVA,3400,0,,,10,0.809,0.0
755,2020-08-27,2494,6900-052,0,KEFAR SAVA,3200,0,,,10,0.851,0.0
756,2020-08-27,2495,6900-053,0,KEFAR SAVA,3600,0,,,1,0.854,0.0
757,2020-08-27,2496,6900-054,0,KEFAR SAVA,3400,0,,,8,0.835,0.0
758,2020-08-27,2497,6900-055,0,KEFAR SAVA,2900,0,,,4,0.849,0.0
759,2020-08-27,2498,6900-056,0,KEFAR SAVA,2900,0,,,1,0.846,0.0
760,2020-08-27,2512,6900-013,0,KEFAR SAVA,4300,0,,,9,0.819,0.0
761,2020-08-27,2513,6900-015,0,KEFAR SAVA,2200,0,,,2,0.851,0.0
762,2020-08-27,2514,6900-016,0,KEFAR SAVA,1700,0,,,6,0.8,0.0
763,2020-08-27,2515,6900-021,0,KEFAR SAVA,3100,0,,,8,0.801,0.0
765,2020-08-27,2517,6900-031,0,KEFAR SAVA,3000,0,,,12,0.851,0.0
766,2020-08-27,2518,6900-032,0,KEFAR SAVA,2800,0,,,13,0.871,0.0
767,2020-08-27,2519,6900-033,0,KEFAR SAVA,2400,0,,,2,0.854,0.0
768,2020-08-27,2520,6900-034,0,KEFAR SAVA,3600,0,,,6,0.845,0.0
769,2020-08-27,2521,6900-035,0,KEFAR SAVA,1900,0,,,6,0.858,0.0
770,2020-08-27,2522,6900-036,0,KEFAR SAVA,3200,0,,,4,0.865,0.0
771,2020-08-27,2523,6900-037,0,KEFAR SAVA,3500,0,,,18,0.838,0.0
774,2020-08-27,2526,6900-043,0,KEFAR SAVA,3100,0,,,12,0.851,0.0
775,2020-08-27,2527,6900-044,0,KEFAR SAVA,5500,0,,,3,0.897,0.0
776,2020-08-27,2528,6900-045,0,KEFAR SAVA,2200,0,,,5,0.818,0.0
777,2020-08-27,2499,8600-121,0,RAMAT GAN,3100,0,,,12,0.801,0.0
778,2020-08-27,2500,8600-122,0,RAMAT GAN,1700,0,,,1,0.802,0.0
779,2020-08-27,2501,8600-123,0,RAMAT GAN,3300,0,,,6,0.788,0.0
780,2020-08-27,2502,8600-125,0,RAMAT GAN,2000,0,,,6,0.805,0.0
781,2020-08-27,2503,8600-131,0,RAMAT GAN,2300,0,,,8,1.118,0.0
782,2020-08-27,2504,8600-132,0,RAMAT GAN,3200,0,,,5,0.786,0.0
783,2020-08-27,2844,8600-112,0,RAMAT GAN,4000,0,,,6,0.811,0.0
784,2020-08-27,2845,8600-113,0,RAMAT GAN,2800,0,,,10,0.802,0.0
785,2020-08-27,2847,8600-115,0,RAMAT GAN,2400,0,,,11,0.832,0.0
786,2020-08-27,2848,8600-116,0,RAMAT GAN,3500,0,,,19,0.771,0.0
787,2020-08-27,2849,8600-133,0,RAMAT GAN,5600,0,,,10,0.8,0.0
788,2020-08-27,2850,8600-134,0,RAMAT GAN,3400,0,,,3,0.822,0.0
789,2020-08-27,2851,8600-135,0,RAMAT GAN,2900,0,,,6,0.857,0.0
790,2020-08-27,2852,8600-136,0,RAMAT GAN,4800,0,,,7,0.813,0.0
791,2020-08-27,2854,8600-138,0,RAMAT GAN,4000,0,,,11,0.793,0.0
792,2020-08-27,2856,8600-212,0,RAMAT GAN,3100,0,,,11,0.815,0.0
793,2020-08-27,2858,8600-214,0,RAMAT GAN,2200,0,,,6,0.806,0.0
794,2020-08-27,2859,8600-215,0,RAMAT GAN,5000,0,,,9,0.829,0.0
796,2020-08-27,2861,8600-221,0,RAMAT GAN,3300,0,,,3,0.822,0.0
798,2020-08-27,2863,8600-223,0,RAMAT GAN,3900,0,,,4,0.829,0.0
799,2020-08-27,2864,8600-224,0,RAMAT GAN,4000,0,,,9,0.816,0.0
800,2020-08-27,2865,8600-225,0,RAMAT GAN,3200,0,,,6,0.84,0.0
802,2020-08-27,2869,8600-314,0,RAMAT GAN,2500,0,,,6,1.039,0.0
803,2020-08-27,2870,8600-321,0,RAMAT GAN,4400,0,,,5,0.805,0.0
804,2020-08-27,2874,8600-325,0,RAMAT GAN,4500,0,,,4,0.816,0.0
805,2020-08-27,2875,8600-411,0,RAMAT GAN,5900,0,,,9,0.805,0.0
806,2020-08-27,2876,8600-412,0,RAMAT GAN,5600,0,,,11,0.818,0.0
807,2020-08-27,2877,8600-414,0,RAMAT GAN,2600,0,,,7,0.884,0.0
808,2020-08-27,2879,8600-416,0,RAMAT GAN,1800,0,,,1,0.943,0.0
809,2020-08-27,3022,8600-413,0,RAMAT GAN,0,0,,,7,0.804,0.0
810,2020-08-27,2505,9100-041,0,NAHARIYYA,5000,0,,,1,0.842,0.0
811,2020-08-27,2506,9100-042,0,NAHARIYYA,5100,0,,,7,0.802,0.0
812,2020-08-27,2507,9100-043,0,NAHARIYYA,3600,0,,,4,0.82,0.0
813,2020-08-27,2963,9100-023,0,NAHARIYYA,4600,0,,,1,0.794,0.0
814,2020-08-27,2964,9100-024,0,NAHARIYYA,3400,0,,,3,0.813,0.0
815,2020-08-27,2966,9100-032,0,NAHARIYYA,4300,0,,,8,0.852,0.0
816,2020-08-27,2967,9100-033,0,NAHARIYYA,3200,0,,,1,0.877,0.0
817,2020-08-27,2533,7000-021,0,LOD,3200,0,,,3,0.808,0.0
818,2020-08-27,2534,7000-022,0,LOD,3500,0,,,1,0.836,0.0
819,2020-08-27,2537,7000-025,0,LOD,3000,0,,,1,0.805,0.0
820,2020-08-27,2538,7000-031,0,LOD,2100,0,,,6,0.844,0.0
821,2020-08-27,2541,7000-042,0,LOD,5900,0,,,2,0.789,0.0
822,2020-08-27,2548,7100-112,0,ASHQELON,5100,0,,,6,0.769,0.0
823,2020-08-27,2550,7100-114,0,ASHQELON,4700,0,,,9,0.799,0.0
824,2020-08-27,2560,7100-213,0,ASHQELON,5400,0,,,1,0.877,0.0
825,2020-08-27,2561,7100-214,0,ASHQELON,3000,0,,,1,0.818,0.0
826,2020-08-27,2562,7100-215,0,ASHQELON,3300,0,,,2,0.825,0.0
827,2020-08-27,2574,7100-322,0,ASHQELON,4000,0,,,1,0.82,0.0
828,2020-08-27,2795,7100-111,0,ASHQELON,0,0,,,16,0.761,0.0
829,2020-08-27,2797,7100-312,0,ASHQELON,0,0,,,2,0.81,0.0
830,2020-08-27,2576,7200-001,0,NES ZIYYONA,4000,0,,,12,0.802,0.0
832,2020-08-27,2578,7200-003,0,NES ZIYYONA,3300,0,,,14,0.845,0.0
833,2020-08-27,2579,7200-004,0,NES ZIYYONA,4500,0,,,10,0.824,0.0
835,2020-08-27,2581,7200-006,0,NES ZIYYONA,3600,0,,,18,0.785,0.0
839,2020-08-27,2606,7400-114,0,NETANYA,6200,0,,,14,0.78,0.0
840,2020-08-27,2607,7400-115,0,NETANYA,10200,0,,,13,0.768,0.0
841,2020-08-27,2613,7400-222,0,NETANYA,2200,0,,,6,0.858,0.0
842,2020-08-27,2614,7400-223,0,NETANYA,3900,0,,,6,0.823,0.0
843,2020-08-27,2618,7400-241,0,NETANYA,4800,0,,,12,0.832,0.0
844,2020-08-27,2619,7400-242,0,NETANYA,2600,0,,,11,1.021,0.0
845,2020-08-27,2624,7400-321,0,NETANYA,3400,0,,,4,0.894,0.0
846,2020-08-27,2625,7400-322,0,NETANYA,4700,1,,,7,0.915,0.0
847,2020-08-27,2627,7400-324,0,NETANYA,2200,0,,,14,0.898,0.0
848,2020-08-27,2628,7400-331,0,NETANYA,2400,0,,,1,0.872,0.0
849,2020-08-27,2630,7400-333,0,NETANYA,3400,0,,,1,0.844,0.0
850,2020-08-27,2632,7400-341,0,NETANYA,4400,0,,,14,0.936,0.0
851,2020-08-27,2633,7400-342,0,NETANYA,3200,0,,,10,0.865,0.0
852,2020-08-27,2634,7400-343,0,NETANYA,2700,0,,,2,0.839,0.0
853,2020-08-27,2635,7400-351,0,NETANYA,5000,0,,,6,0.828,0.0
854,2020-08-27,2636,7400-352,0,NETANYA,7400,0,,,6,0.797,0.0
855,2020-08-27,2637,7400-353,0,NETANYA,1000,0,,,1,0.84,0.0
856,2020-08-27,2639,7400-355,0,NETANYA,1000,0,,,9,0.834,0.0
857,2020-08-27,2641,7400-412,0,NETANYA,800,0,,,1,0.852,0.0
858,2020-08-27,2645,7400-431,0,NETANYA,5600,0,,,10,0.791,0.0
859,2020-08-27,2647,7400-511,0,NETANYA,3200,0,,,5,0.815,0.0
860,2020-08-27,2650,7400-521,0,NETANYA,4200,0,,,3,0.816,0.0
861,2020-08-27,2653,7400-532,0,NETANYA,4100,0,,,2,0.802,0.0
862,2020-08-27,2654,7400-533,0,NETANYA,4100,0,,,5,0.836,0.0
863,2020-08-27,2804,7400-531,0,NETANYA,0,0,,,13,0.821,0.0
864,2020-08-27,2663,7600-011,0,AKKO,2200,0,,,1,0.812,0.0
865,2020-08-27,2668,7600-021,0,AKKO,3100,0,,,1,0.83,0.0
866,2020-08-27,2673,7600-026,0,AKKO,2800,0,,,5,0.806,0.0
867,2020-08-27,2695,8000-005,0,ZEFAT,4000,0,,,3,0.78,0.0
868,2020-08-27,2697,8000-007,0,ZEFAT,3800,0,,,1,0.778,0.0
869,2020-08-27,2698,8000-008,0,ZEFAT,4200,0,,,1,0.808,0.0
870,2020-08-27,2810,8000-010,0,ZEFAT,0,0,,,2,0.779,0.0
871,2020-08-27,2700,8200-011,0,QIRYAT MOTZKIN,4600,0,,,10,0.818,0.0
872,2020-08-27,2701,8200-012,0,QIRYAT MOTZKIN,3400,0,,,10,0.821,0.0
873,2020-08-27,2702,8200-013,0,QIRYAT MOTZKIN,3600,0,,,17,0.838,0.0
874,2020-08-27,2703,8200-014,0,QIRYAT MOTZKIN,3600,0,,,11,0.875,0.0
875,2020-08-27,2705,8200-022,0,QIRYAT MOTZKIN,5500,0,,,6,0.868,0.0
876,2020-08-27,2707,8200-031,0,QIRYAT MOTZKIN,1900,0,,,1,0.838,0.0
877,2020-08-27,2708,8200-032,0,QIRYAT MOTZKIN,2000,0,,,2,0.835,0.0
878,2020-08-27,2714,8300-116,0,RISHON LEZIYYON,4300,0,,,6,0.831,0.0
879,2020-08-27,2715,8300-117,0,RISHON LEZIYYON,4000,0,,,3,0.868,0.0
880,2020-08-27,2720,8300-125,0,RISHON LEZIYYON,5000,0,,,16,0.81,0.0
881,2020-08-27,2721,8300-126,0,RISHON LEZIYYON,5400,0,,,9,0.806,0.0
882,2020-08-27,2722,8300-211,0,RISHON LEZIYYON,4000,0,,,1,1.002,0.0
883,2020-08-27,2723,8300-212,0,RISHON LEZIYYON,5100,0,,,6,0.804,0.0
884,2020-08-27,2724,8300-213,0,RISHON LEZIYYON,4200,0,,,2,0.819,0.0
885,2020-08-27,2725,8300-214,0,RISHON LEZIYYON,5000,0,,,3,0.826,0.0
886,2020-08-27,2726,8300-215,0,RISHON LEZIYYON,4700,0,,,6,0.809,0.0
887,2020-08-27,2727,8300-221,0,RISHON LEZIYYON,5300,0,,,4,0.825,0.0
889,2020-08-27,2732,8300-311,0,RISHON LEZIYYON,3400,0,,,11,0.78,0.0
890,2020-08-27,2733,8300-312,0,RISHON LEZIYYON,3600,0,,,2,0.829,0.0
891,2020-08-27,2734,8300-313,0,RISHON LEZIYYON,5300,0,,,5,0.857,0.0
892,2020-08-27,2736,8300-315,0,RISHON LEZIYYON,3200,0,,,12,0.846,0.0
893,2020-08-27,2737,8300-411,0,RISHON LEZIYYON,900,0,,,12,0.787,0.0
895,2020-08-27,2739,8300-413,0,RISHON LEZIYYON,4700,0,,,13,0.839,0.0
896,2020-08-27,2740,8300-421,0,RISHON LEZIYYON,4200,0,,,9,0.89,0.0
897,2020-08-27,2742,8300-423,0,RISHON LEZIYYON,3800,0,,,11,0.822,0.0
898,2020-08-27,2743,8300-424,0,RISHON LEZIYYON,3900,0,,,10,0.878,0.0
899,2020-08-27,2744,8300-425,0,RISHON LEZIYYON,3100,0,,,5,0.812,0.0
900,2020-08-27,2745,8300-426,0,RISHON LEZIYYON,4800,0,,,4,0.818,0.0
901,2020-08-27,2749,8300-514,0,RISHON LEZIYYON,4200,0,,,5,0.825,0.0
902,2020-08-27,2751,8300-516,0,RISHON LEZIYYON,3700,0,,,4,0.817,0.0
903,2020-08-27,2752,8300-521,0,RISHON LEZIYYON,3000,0,,,2,0.809,0.0
904,2020-08-27,2753,8300-522,0,RISHON LEZIYYON,4800,0,,,15,0.789,0.0
905,2020-08-27,2754,8300-523,0,RISHON LEZIYYON,3200,0,,,1,0.816,0.0
906,2020-08-27,2757,8300-532,0,RISHON LEZIYYON,2200,0,,,2,0.798,0.0
907,2020-08-27,2758,8300-533,0,RISHON LEZIYYON,4900,0,,,19,0.802,0.0
908,2020-08-27,2759,8300-534,0,RISHON LEZIYYON,6400,0,,,8,0.796,0.0
909,2020-08-27,2762,8300-614,0,RISHON LEZIYYON,3600,0,,,1,0.777,0.0
910,2020-08-27,2763,8300-615,0,RISHON LEZIYYON,5200,0,,,2,0.815,0.0
911,2020-08-27,2764,8300-616,0,RISHON LEZIYYON,4000,0,,,2,0.826,0.0
912,2020-08-27,2765,8300-617,0,RISHON LEZIYYON,5500,0,,,11,0.805,0.0
913,2020-08-27,2767,8300-624,0,RISHON LEZIYYON,5100,0,,,1,0.824,0.0
914,2020-08-27,2826,8500-014,0,RAMLA,3900,0,,,2,0.835,0.0
915,2020-08-27,2827,8500-015,0,RAMLA,1500,0,,,5,0.801,0.0
916,2020-08-27,2840,8500-042,0,RAMLA,4500,0,,,5,0.792,0.0
917,2020-08-27,2880,8700-012,0,RA'ANNANA,2400,0,,,8,0.834,0.0
918,2020-08-27,2881,8700-013,0,RA'ANNANA,3100,0,,,2,0.821,0.0
919,2020-08-27,2882,8700-014,0,RA'ANNANA,2800,1,,,19,0.876,0.0
920,2020-08-27,2883,8700-015,0,RA'ANNANA,2100,0,,,4,0.842,0.0
921,2020-08-27,2884,8700-016,0,RA'ANNANA,3000,0,,,11,0.843,0.0
922,2020-08-27,2886,8700-018,0,RA'ANNANA,2600,0,,,11,0.82,0.0
923,2020-08-27,2887,8700-019,0,RA'ANNANA,2500,2,,,18,0.845,0.0
924,2020-08-27,2888,8700-021,0,RA'ANNANA,2400,0,,,13,0.947,0.0
925,2020-08-27,2889,8700-022,0,RA'ANNANA,3200,0,,,5,0.82,0.0
926,2020-08-27,2890,8700-023,0,RA'ANNANA,2800,0,,,13,0.823,0.0
927,2020-08-27,2891,8700-024,0,RA'ANNANA,3300,0,,,12,0.843,0.0
928,2020-08-27,2892,8700-025,0,RA'ANNANA,3500,0,,,8,0.84,0.0
930,2020-08-27,2896,8700-031,0,RA'ANNANA,6000,0,,,12,0.802,0.0
931,2020-08-27,2897,8700-032,0,RA'ANNANA,3600,0,,,13,0.846,0.0
934,2020-08-27,2900,8700-035,0,RA'ANNANA,3100,0,,,2,0.841,0.0
935,2020-08-27,2901,8700-036,0,RA'ANNANA,2200,0,,,10,0.988,0.0
936,2020-08-27,3024,8700-011,0,RA'ANNANA,0,0,,,5,0.621,0.0
937,2020-08-27,2970,9300-001,0,ZIKHRON YA'AQOV,2300,0,,,2,0.812,0.0
938,2020-08-27,2971,9300-002,0,ZIKHRON YA'AQOV,5700,0,,,19,0.801,0.0
939,2020-08-27,2972,9300-003,0,ZIKHRON YA'AQOV,4800,0,,,7,0.813,0.0
940,2020-08-27,2973,9300-004,0,ZIKHRON YA'AQOV,5500,0,,,13,0.798,0.0
941,2020-08-27,2978,9400-006,0,YEHUD,3300,0,,,3,0.828,0.0
942,2020-08-27,2979,9400-007,0,YEHUD,5500,0,,,25,0.807,0.0
943,2020-08-27,2980,9400-008,0,YEHUD,2500,0,,,10,0.837,0.0
944,2020-08-27,2982,9500-003,0,QIRYAT BIALIK,3600,0,,,3,0.829,0.0
945,2020-08-27,2983,9500-004,0,QIRYAT BIALIK,2200,0,,,4,0.877,0.0
946,2020-08-27,2984,9500-005,0,QIRYAT BIALIK,4400,0,,,3,0.826,0.0
947,2020-08-27,2985,9500-006,0,QIRYAT BIALIK,2200,0,,,2,0.855,0.0
948,2020-08-27,2987,9500-008,0,QIRYAT BIALIK,2400,0,,,1,0.812,0.0
949,2020-08-27,2989,9500-010,0,QIRYAT BIALIK,3700,0,,,11,0.831,0.0
950,2020-08-27,2990,9500-011,0,QIRYAT BIALIK,5300,0,,,17,0.839,0.0
951,2020-08-27,3030,9500-001,0,QIRYAT BIALIK,0,0,,,3,0.805,0.0
952,2020-08-27,2994,9600-014,0,QIRYAT YAM,3500,0,,,18,0.877,0.0
953,2020-08-27,2995,9600-021,0,QIRYAT YAM,1300,0,,,1,0.831,0.0
954,2020-08-27,3002,9600-033,0,QIRYAT YAM,3000,0,,,6,0.857,0.0
955,2020-08-27,3003,9600-034,0,QIRYAT YAM,4900,0,,,2,0.849,0.0
956,2020-08-27,3004,9700-011,0,HOD HASHARON,3500,0,,,4,0.935,0.0
957,2020-08-27,3005,9700-012,0,HOD HASHARON,5600,0,,,10,0.793,0.0
959,2020-08-27,3007,9700-014,0,HOD HASHARON,3200,0,,,3,0.803,0.0
960,2020-08-27,3008,9700-015,0,HOD HASHARON,2800,0,,,15,0.87,0.0
961,2020-08-27,3009,9700-021,0,HOD HASHARON,5400,0,,,18,0.836,0.0
962,2020-08-27,3010,9700-022,0,HOD HASHARON,4500,0,,,2,0.813,0.0
963,2020-08-27,3011,9700-023,0,HOD HASHARON,5400,0,,,14,0.812,0.0
965,2020-08-27,3013,9700-031,0,HOD HASHARON,4900,0,,,5,0.85,0.0
966,2020-08-27,3014,9700-032,0,HOD HASHARON,1400,0,,,6,0.84,0.0
967,2020-08-27,3016,9800-001,0,BINYAMINA-GIV'AT ADA,3300,0,,,2,0.826,0.0
968,2020-08-27,3017,9800-002,0,BINYAMINA-GIV'AT ADA,3000,0,,,20,0.795,0.0
969,2020-08-27,3018,9800-003,0,BINYAMINA-GIV'AT ADA,4100,0,,,4,0.809,0.0
52,2020-08-27,742,7900-131,0,PETAH TIQWA,3800,0,,,22,0.804,0.5
64,2020-08-27,882,7900-231,0,PETAH TIQWA,5900,0,,,21,0.819,0.5
101,2020-08-27,210,0166-003,0,GAN YAVNE,5300,0,,,27,0.793,0.5
203,2020-08-27,681,5000-231,0,TEL AVIV - YAFO,4000,0,,,27,0.792,0.5
230,2020-08-27,711,5000-411,0,TEL AVIV - YAFO,4200,0,,,22,0.791,0.5
234,2020-08-27,715,5000-415,0,TEL AVIV - YAFO,3800,0,,,20,0.773,0.5
263,2020-08-27,2143,5000-123,0,TEL AVIV - YAFO,3900,0,,,25,0.781,0.5
264,2020-08-27,2145,5000-125,0,TEL AVIV - YAFO,4500,0,,,20,0.787,0.5
269,2020-08-27,2150,5000-211,0,TEL AVIV - YAFO,4900,0,,,20,0.79,0.5
275,2020-08-27,2156,5000-222,0,TEL AVIV - YAFO,2300,0,,,28,0.798,0.5
299,2020-08-27,2309,5000-914,0,TEL AVIV - YAFO,0,0,,,22,0.783,0.5
355,2020-08-27,1832,3000-1141,0,JERUSALEM,4300,0,,,22,0.758,0.5
364,2020-08-27,1846,3000-1223,0,JERUSALEM,3300,1,,,23,0.809,0.5
366,2020-08-27,1848,3000-1312,0,JERUSALEM,3200,0,,,25,0.764,0.5
386,2020-08-27,816,8400-115,0,REHOVOT,3300,0,,,20,0.845,0.5
390,2020-08-27,820,8400-122,0,REHOVOT,3600,0,,,26,0.833,0.5
399,2020-08-27,831,8400-311,0,REHOVOT,1200,0,,,20,0.828,0.5
402,2020-08-27,2768,8400-112,0,REHOVOT,1600,0,,,24,0.835,0.5
405,2020-08-27,2771,8400-411,0,REHOVOT,3600,0,,,31,0.838,0.5
406,2020-08-27,2772,8400-412,0,REHOVOT,2200,0,,,33,0.835,0.5
480,2020-08-27,2056,4000-512,0,HAIFA,3200,2,,,37,0.836,0.5
508,2020-08-27,2101,4000-933,0,HAIFA,3300,0,,,23,0.836,0.5
512,2020-08-27,2105,4000-943,0,HAIFA,1900,0,,,32,0.898,0.5
516,2020-08-27,1133,6300-031,0,GIV'ATAYIM,2800,0,,,33,0.79,0.5
517,2020-08-27,1134,6300-032,0,GIV'ATAYIM,2700,1,,,25,0.79,0.5
520,2020-08-27,1137,6300-041,0,GIV'ATAYIM,4600,0,,,27,0.795,0.5
530,2020-08-27,1150,1015-003,0,MEVASSERET ZIYYON,4500,0,,,23,0.791,0.5
548,2020-08-27,1247,1139-032,0,KARMI'EL,2800,1,,,21,0.846,0.5
560,2020-08-27,1312,1200-023,0,MODI'IN-MAKKABBIM-RE'UT,8900,0,,,21,0.774,0.5
565,2020-08-27,1337,1200-041,0,MODI'IN-MAKKABBIM-RE'UT,3300,0,,,21,0.78,0.5
586,2020-08-27,1427,1304-001,0,SHOHAM,4200,0,,,28,0.749,0.5
603,2020-08-27,1532,2300-003,0,QIRYAT TIV'ON,4600,0,,,28,0.807,0.5
638,2020-08-27,1599,2620-008,0,QIRYAT ONO,3100,0,,,25,0.814,0.5
645,2020-08-27,1621,2660-002,0,YAVNE,4600,0,,,24,0.776,0.5
646,2020-08-27,1622,2660-003,0,YAVNE,3000,0,,,23,0.795,0.5
690,2020-08-27,2370,6400-022,0,HERZLIYYA,5100,1,,,21,0.885,0.5
692,2020-08-27,2372,6400-024,0,HERZLIYYA,3400,0,,,22,0.995,0.5
694,2020-08-27,2375,6400-033,0,HERZLIYYA,3000,0,,,20,0.882,0.5
699,2020-08-27,2380,6400-043,0,HERZLIYYA,3000,0,,,29,0.866,0.5
703,2020-08-27,2385,6400-055,0,HERZLIYYA,1900,0,,,33,0.863,0.5
707,2020-08-27,2389,6400-064,0,HERZLIYYA,2800,0,,,21,0.891,0.5
726,2020-08-27,2428,6600-321,0,HOLON,3500,0,,,21,0.814,0.5
764,2020-08-27,2516,6900-022,0,KEFAR SAVA,5400,0,,,27,0.825,0.5
772,2020-08-27,2524,6900-041,0,KEFAR SAVA,3500,0,,,37,0.839,0.5
773,2020-08-27,2525,6900-042,0,KEFAR SAVA,2200,0,,,33,0.827,0.5
795,2020-08-27,2860,8600-216,0,RAMAT GAN,4300,0,,,20,0.863,0.5
797,2020-08-27,2862,8600-222,0,RAMAT GAN,5100,0,,,22,0.862,0.5
801,2020-08-27,2867,8600-312,0,RAMAT GAN,4300,0,,,25,0.888,0.5
831,2020-08-27,2577,7200-002,0,NES ZIYYONA,3500,0,,,25,0.842,0.5
834,2020-08-27,2580,7200-005,0,NES ZIYYONA,2900,0,,,36,0.798,0.5
836,2020-08-27,2582,7200-007,0,NES ZIYYONA,5700,0,,,34,0.822,0.5
837,2020-08-27,2583,7200-008,0,NES ZIYYONA,5300,0,,,28,0.834,0.5
838,2020-08-27,2584,7200-011,0,NES ZIYYONA,3400,0,,,22,0.803,0.5
888,2020-08-27,2729,8300-223,0,RISHON LEZIYYON,4100,0,,,21,0.859,0.5
894,2020-08-27,2738,8300-412,0,RISHON LEZIYYON,5400,0,,,32,0.812,0.5
929,2020-08-27,2893,8700-026,0,RA'ANNANA,2900,0,,,22,0.827,0.5
932,2020-08-27,2898,8700-033,0,RA'ANNANA,3700,0,,,34,0.824,0.5
933,2020-08-27,2899,8700-034,0,RA'ANNANA,3700,0,,,25,0.862,0.5
958,2020-08-27,3006,9700-013,0,HOD HASHARON,4100,0,,,23,0.814,0.5
964,2020-08-27,3012,9700-024,0,HOD HASHARON,3300,0,,,31,0.811,0.5
